"","all.km$cluster","avg","gain","peak","achievements","positive_ratings","negative_ratings","average_playtime"
"100% Orange Juice",3,205.980120481928,3.35602409638554,577.578313253012,152,10605,794,1678
"12 is Better Than 6",3,25.5280952380952,-0.198095238095238,238.603174603175,46,3192,576,228
"140",3,4.96125,-0.199318181818182,23.9659090909091,8,3398,241,205
"60 Seconds!",3,72.414347826087,0.0759420289855071,218.507246376812,56,5528,1492,231
"7 Days to Die",3,9498.89255813953,222.675,17396.1744186047,43,60718,16905,2953
"911 Operator",3,117.098518518519,2.15,424.222222222222,18,3529,697,257
"A Dance of Fire and Ice",3,444.4484,56.8944,1218.64,20,1451,119,180
"A Hat in Time",3,277.827457627119,4.82084745762712,813.762711864407,37,14019,292,377
"A Story About My Uncle",3,110.579012345679,0.288518518518521,2729.67901234568,15,17924,1642,193
"Absolver",3,141.5228,1.5092,922.4,22,6395,3283,796
"ABZU",3,43.2870909090909,0.306363636363637,151.654545454545,12,15634,1233,116
"ACE COMBAT 7: SKIES UNKNOWN",3,484.844166666667,-113.582083333333,1237.625,49,4643,1623,1029
"AdVenture Capitalist",3,3173.66914285714,-132.166857142857,6083.77142857143,31,35093,4214,2747
"Age of Empires II: Definitive Edition",3,14660.456,293.088666666667,27109.6,154,58190,4112,1604
"Age of Empires III: Definitive Edition",3,3586.335,-1122.3825,7195.5,42,9154,1801,902
"Age of Mythology: Extended Edition",3,1070.27012195122,21.7120731707317,2500.5,70,9336,1577,668
"Age of Wonders III",3,707.008265306122,4.80979591836735,1914.10204081633,74,4479,1132,984
"Aim Lab",3,1030.91282051282,152.050512820513,1479.28205128205,100,1039,247,40
"AirMech Strike",3,157.142718446602,0.33504854368932,359.242718446602,91,7640,1440,441
"Alan Wake",3,165.238155339806,-5.28796116504854,555.194174757282,67,22962,2163,239
"Alan Wake's American Nightmare",3,20.2496116504854,-0.930097087378641,66.8349514563107,12,3598,1468,71
"Albion Online",3,3875.27454545455,201.335757575758,6453.06060606061,93,1800,1420,448
"Alien Swarm",3,124.42145631068,-3.02728155339806,406.038834951456,66,17435,941,371
"Alien Swarm: Reactive Drop",3,297.102857142857,5.96979591836735,861.510204081633,143,7629,527,117
"Alien: Isolation",3,321.339342105263,-30.2722368421053,1021.75,50,24534,1958,563
"Aliens vs. Predator",3,103.099223300971,-1.27757281553398,284.223300970874,50,9448,1186,170
"Alpha Protocol",3,24.9599029126214,-0.195533980582524,72.8543689320388,0,3113,785,267
"America's Army: Proving Grounds",3,504.498202247191,-11.6596629213483,994.393258426966,98,6413,1902,89
"American Truck Simulator",3,3072.71544117647,91.8473529411765,5935.33823529412,43,25316,2096,2086
"Amnesia: A Machine for Pigs",3,23.4666292134831,-7.2123595505618,90.6292134831461,7,4336,2143,100
"Amnesia: The Dark Descent",3,115.665048543689,-4.6821359223301,399.621359223301,18,20222,1199,173
"Anno 2070",3,431.495339805825,-13.8598058252427,1331.15533980583,0,5653,3686,879
"Antichamber",3,56.2564356435644,0.207029702970297,245.732673267327,0,12232,612,176
"APB Reloaded",3,1346.5186407767,-20.638640776699,2497.11650485437,60,20028,11779,3835
"Apex Legends",1,85739.71,15341.7966666667,146267.666666667,12,165549,16372,22494
"Aragami",3,54.3344827586207,0.785689655172414,216.672413793103,51,3815,458,199
"ArcheAge",3,864.509230769231,-23.3430769230769,1500.84615384615,0,3195,3033,2107
"Argo",3,150.3468,0.174799999999999,402.5,0,4438,4973,182
"Arizona Sunshine",3,105.187313432836,1.8555223880597,309.432835820896,42,3164,550,128
"ARK: Survival Evolved",1,42760.0663768116,895.366666666667,73980.3043478261,32,145035,66603,14154
"Arma 2: Operation Arrowhead",3,2804.5740776699,-31.3826213592233,5514.06796116505,0,17683,1519,8488
"Arma 3",1,15452.4507368421,107.269157894737,32066.9263157895,104,105034,12524,18823
"Armello",3,253.471095890411,2.84876712328767,668.547945205479,50,7208,1816,1145
"Art of War: Red Tides",3,150.465510204082,-38.4591836734694,321.408163265306,0,4858,1169,345
"Artifact",3,227.029230769231,-428.258461538462,531,0,9937,10501,1797
"Assassin's Creed Odyssey",3,8622.52892857143,-806.9375,19196.2142857143,82,20771,4528,3151
"Assassin's Creed Origins",3,2548.79179487179,-309.101282051282,6201.38461538462,67,31644,6007,2908
"Assassin's Creed Revelations",3,172.388349514563,-11.0470873786408,422.864077669903,0,5912,1055,1153
"Assassin's Creed Syndicate",3,497.709523809524,-21.0995238095238,1310.92063492063,0,7203,2391,564
"Assassin's Creed Unity",3,485.3168,-24.7642666666667,1355.25333333333,0,12350,7354,1686
"Assetto Corsa",1,1659.92090909091,51.5147727272727,3813.125,709,15277,2337,3107
"Assetto Corsa Competizione",3,879.749310344828,61.9089655172414,2713.89655172414,0,1744,278,0
"ASTRONEER",3,1386.0373015873,29.8230158730159,3193.63492063492,54,28375,5246,1213
"ATLAS",3,4309.14730769231,-1427.97153846154,8789.92307692308,0,8621,16359,2755
"Atlas Reactor",3,202.355818181818,-1.828,460.472727272727,121,3992,890,1240
"Audiosurf 2",3,42.1767021276596,0.254148936170213,105.31914893617,14,3785,882,507
"Aura Kingdom",3,520.593703703704,2.86296296296296,818.148148148148,0,5666,1533,485
"Avorion",3,681.174897959184,6.79938775510204,1323.55102040816,55,3190,398,3584
"Axiom Verge",3,33.3138571428571,0.321857142857143,108.014285714286,29,3084,187,377
"Baldur's Gate II: Enhanced Edition",3,398.310574712644,-5.32804597701149,773.298850574713,93,2600,423,1163
"Baldur's Gate: Enhanced Edition",3,469.857551020408,5.7369387755102,1032.38775510204,129,4148,688,569
"Ballistic Overkill",3,64.8875362318841,0.350434782608696,183.173913043478,45,4645,1475,869
"Banished",3,1531.18909090909,12.9202272727273,3399.86363636364,36,24653,2820,1209
"Bastion",3,145.453689320388,-8.63203883495146,510.174757281553,24,27887,1098,391
"Batman - The Telltale Series",3,72.0511111111111,-1.78240740740741,306.018518518519,30,5729,1783,385
"Batman: Arkham Knight",3,1173.35367647059,-181.3275,2677.75,113,33121,12981,1266
"Batman: Arkham Origins",3,611.742159090909,-137.931590909091,1557.59090909091,60,20365,3519,538
"BATTALION 1944",3,220.868039215686,0.0566666666666714,904.450980392157,0,3869,3623,639
"Battle Brothers",3,629.390428571429,13.5601428571429,1335.24285714286,89,5181,709,0
"BattleBlock Theater",3,477.305061728395,-6.72876543209876,1761.71604938272,30,47342,1290,774
"Battlefield 4 ",3,1213.895,153.175,3039.75,67,8504,1408,1200
"Battlefield V",3,2700.08625,688.1975,7694.125,21,10145,7514,1008
"Battlefield: Bad Company 2",3,443.303689320388,-6.18747572815534,1168.15533980583,0,23093,3877,1200
"Battlerite",3,2142.39056603774,-95.0949056603773,5321.01886792453,0,41080,8013,1614
"BATTLETECH",3,3008.72351351351,52.0743243243243,5930.32432432432,128,8238,2953,1641
"Bayonetta",3,169.902826086957,-31.3917391304348,507.95652173913,50,8866,843,232
"BeamNG.drive",3,1653.41794871795,66.5028205128205,3019.07692307692,7,15168,1536,2038
"Beasts of Bermuda",3,582.639615384615,30.0511538461538,1004.5,0,311,171,0
"Beat Saber",3,1404.73914285714,53.2865714285714,3736.74285714286,0,11083,797,1204
"BEEP",3,10.38,0.00980582524271837,85.9417475728155,0,4036,731,140
"Beholder",3,134.021272727273,1.59072727272727,573.090909090909,60,9947,1095,240
"Bendy and the Ink Machine",3,143.258260869565,-2.7095652173913,522.630434782609,60,9901,1398,38
"Besiege",3,669.8575,-44.5134722222222,1539.27777777778,26,25880,1364,644
"Binary Domain",3,22.1744660194175,-0.540097087378641,80.2427184466019,49,4416,742,639
"BioShock Infinite",3,1022.15263157895,-308.635263157895,2767.36842105263,80,79442,3846,614
"BioShock Remastered",3,387.36679245283,-25.4424528301887,901.490566037736,65,8652,5121,247
"Bit Blaster XL",3,10.1777049180328,-0.207377049180328,52.3606557377049,17,5221,145,125
"Black Desert Online",1,14169.0637777778,286.377777777778,20997.3333333333,0,10337,5759,15507
"Black Mesa",3,380.389275362319,3.36405797101449,990.333333333333,25,14113,999,715
"Black Squad",3,4153.72422222222,31.9773333333333,7352.97777777778,36,33695,11081,1835
"Blackwake",3,214.5538,1.7908,879.92,0,9352,1367,396
"Blade Symphony",3,26.2393939393939,0.0241414141414139,136.656565656566,26,3129,1537,413
"Blameless",3,7.50596153846154,-3.28884615384615,23.1730769230769,4,3159,594,63
"Bless Online",3,671.647857142857,0.0232142857142653,1879.39285714286,55,3960,5806,5598
"Block N Load",3,366.373733333333,0.293199999999999,949.986666666667,66,10856,3196,347
"BLOCKADE 3D",3,418.436621621622,-40.7812162162162,1049.45945945946,0,15821,11583,499
"Blockland",3,80.8588372093023,-3.63581395348837,216.453488372093,11,3706,1444,625
"Blockstorm",3,35.6125,-0.25225,187.0125,131,5363,1298,253
"Blood and Bacon",3,69.258,0.311666666666667,184.25,36,16822,995,1203
"Blood Bowl 2",3,362.943218390805,7.36241379310345,941.298850574713,31,2734,1085,1433
"Bloons TD 6",3,4295.23461538462,582.623846153846,9474.88461538462,49,516,251,2819
"Bloons TD Battles",3,642.256379310345,-5.62724137931034,1127.06896551724,16,6486,1227,526
"Bomber Crew",3,154.664761904762,3.90595238095238,749.190476190476,30,3814,491,219
"Book of Demons",3,53.6837931034483,0.466034482758622,187.603448275862,202,5312,389,124
"Borderlands 2",3,8938.42267326733,-563.143465346535,19447.7326732673,69,144595,11021,3276
"Borderlands: The Pre-Sequel",3,1543.15394736842,-308.354078947368,3762.60526315789,63,16909,5076,1661
"Boring Man - Online Tactical Stickman Combat",1,58.5569444444444,-5.22555555555556,132.875,35,3613,617,12984
"Botanicula",3,11.61,-0.838932038834951,44.4854368932039,53,3524,136,16
"Braid",3,27.2412621359223,-0.931359223300971,88.4271844660194,12,6529,386,178
"BRAIN / OUT",3,272.480208333333,-8.8375,624.645833333333,84,8343,2112,1433
"Brawlhalla",3,6486.34280487805,206.65512195122,12183.7317073171,39,73268,14489,724
"Brick Rigs",3,434.210196078431,16.5607843137255,922.352941176471,0,3207,636,1683
"BRINK",3,29.9402912621359,-1.34805825242718,95.9611650485437,43,3493,2331,181
"Broforce",3,361.840731707317,-1.00975609756098,994.280487804878,17,31033,1059,498
"Broken Age",3,42.4544791666667,0.142604166666667,200.375,45,5312,1063,271
"Brothers - A Tale of Two Sons",3,43.7940404040404,0.288181818181818,199.858585858586,12,31689,1708,128
"Bully: Scholarship Edition",3,107.297961165049,0.922815533980583,316.776699029126,0,8504,1764,319
"Burnout Paradise: The Ultimate Box",3,137.700873786408,-1.29563106796116,405.961165048544,0,9739,1487,431
"Call of Duty 4: Modern Warfare",3,249.180582524272,0.407961165048544,521.106796116505,0,8725,821,1417
"Call of Duty: Black Ops",3,560.785339805825,-9.88339805825243,1139.95145631068,68,14201,1839,2672
"Call of Duty: Black Ops II",3,389.633535353535,-53.9937373737374,887.606060606061,35,25827,4658,524
"Call of Duty: Black Ops III",3,3810.07936507937,-360.052857142857,8301.07936507937,98,36255,23157,4925
"Call of Duty: Ghosts",3,181.185862068966,-30.6172413793103,439.597701149425,40,14892,10757,266
"Call of Duty: Infinite Warfare",3,454.068039215686,-95.0774509803922,1046.58823529412,88,7821,10570,3609
"Call of Duty: Modern Warfare 2",3,568.455145631068,-7.17669902912621,1151.2427184466,50,30006,2826,999
"Call of Duty: World at War",3,981.388640776699,4.92699029126214,1895.94174757282,0,19595,1483,2331
"Call of Duty: WWII",3,411.383846153846,-98.5258974358974,1001.84615384615,35,10753,8288,309
"Call to Arms",3,185.342777777778,4.48458333333333,450.652777777778,84,5787,2144,2550
"Car Mechanic Simulator 2014",3,34.8598823529412,-5.85376470588235,142.2,0,3333,743,128
"Car Mechanic Simulator 2015",3,330.662253521127,1.77253521126761,934.718309859155,0,8238,827,680
"Car Mechanic Simulator 2018",3,1580.30931818182,39.0793181818182,3256.09090909091,60,9390,2752,724
"Card Hunter",3,161.507164179104,-23.1550746268657,297.835820895522,50,3146,499,655
"Carpe Diem",3,2.12354838709677,-0.369193548387097,8.37096774193548,1,6791,793,10
"CarX Drift Racing Online",3,371.174651162791,41.9120930232558,770.953488372093,36,3048,374,608
"Caster",3,6.79495145631068,0.0188349514563107,64,0,3277,868,120
"Castle Crashers",3,650.9169,5.23560000000001,2181.93,12,50273,2063,1094
"CastleMiner Z",3,44.9753571428571,-0.307619047619048,123.571428571429,31,4478,1831,192
"Castlevania: Lords of Shadow - Ultimate Edition",3,68.5454736842105,0.370315789473684,224.8,47,3827,953,706
"Catan Universe",1,666.946304347826,43.415,1363.86956521739,21,463,720,16710
"Cave Story+",3,29.7068932038835,-1.77776699029126,88.2233009708738,75,5120,230,150
"Celeste",3,377.21152173913,20.0286956521739,758.347826086957,30,7239,206,638
"Cell to Singularity - Evolution Never Ends",3,875.520384615385,2.65884615384615,1256.42307692308,0,471,119,0
"Child of Light",3,88.3801204819277,0.265421686746988,317.433734939759,0,9980,747,605
"Chivalry: Medieval Warfare",3,1237.59544554455,1.44326732673267,3903.47524752475,49,51499,10939,675
"Cities: Skylines",3,9708.04166666667,246.287777777778,19911.7777777778,97,67553,6005,3225
"Clicker Heroes",1,9291.02811594203,-475.253043478261,12974.6376811594,111,42530,4734,9742
"Clone Drone in the Danger Zone",3,171.14170212766,4.03829787234042,385.297872340426,10,1882,108,296
"Clustertruck",3,59.2237931034483,1.35396551724138,176.5,19,4497,485,211
"Codename CURE",3,113.686865671642,-11.0738805970149,225.910447761194,40,11470,2426,191
"Comedy Night",3,56.0302380952381,-1.67238095238095,173.928571428571,0,4195,1280,256
"Company of Heroes - Legacy Edition",3,165.617572815534,-6.65436893203883,379.067961165049,0,4772,320,175
"Company of Heroes 2",3,4544.715,-26.6544565217391,10881.8043478261,452,32548,12038,1846
"Conan Exiles",3,6355.58910714286,161.659642857143,13367.6607142857,25,22001,9594,4431
"Confess My Love",3,6.48863636363636,-1.40863636363636,18.3409090909091,21,3357,209,308
"Conqueror's Blade",3,2500.82210526316,133.912631578947,7074.94736842105,0,259,235,0
"Contagion",3,102.415568181818,-6.30136363636364,493.443181818182,36,9087,3585,366
"Cook, Serve, Delicious!",3,52.5207954545455,-1.23034090909091,154.852272727273,52,4232,235,381
"Cortex Command",3,51.3877,-0.965800000000001,732.47,11,3119,1454,199
"Cossacks 3",3,629.079814814815,13.6725925925926,1632.83333333333,103,4298,1432,596
"Counter-Strike",1,15330.7557281553,-214.057087378641,28079.6310679612,0,124534,3339,17612
"Counter-Strike: Condition Zero",3,730.04213592233,-13.7426213592233,1392.19417475728,0,12120,1439,427
"Counter-Strike: Global Offensive",2,311632.336601942,7185.24922330097,549624.815533981,167,2644404,402313,22494
"Counter-Strike: Source",3,8568.55582524272,-231.653495145631,16400.6699029126,147,76640,3497,6842
"CPUCores :: Maximize Your FPS",3,584.564029850746,8.17194029850746,1242.65671641791,15,6208,2324,6362
"Craft The World",3,450.342068965517,2.7348275862069,1111.11494252874,75,6946,984,1891
"Crash Bandicoot N. Sane Trilogy",3,233.718387096774,-26.5825806451613,586.322580645161,74,3555,237,3530
"Crawl",3,31.1469620253165,0.243924050632911,100.025316455696,45,3757,156,64
"Crazy Machines 3",3,18.9477966101695,0.333898305084746,76.7966101694915,41,3158,130,118
"Creativerse",3,888.850256410256,3.67653846153846,1825.24358974359,0,19114,4911,3292
"CrossCode",3,120.964347826087,3.44840579710145,329.942028985507,86,6219,336,0
"Crossout",3,2644.18981481481,55.4822222222222,5160.7962962963,176,12372,6196,864
"Crusader Kings II",3,4403.14368932039,12.0611650485437,9460.8932038835,161,31668,4187,1366
"Crusader Kings III",3,13918.982,-7618.448,26298.8,66,29485,4215,1366
"Crusaders of the Lost Idols",3,1472.18328125,-9.60953125,1981.703125,96,1823,345,581
"Crush Crush",3,912.686842105263,7.04017543859649,1438.94736842105,24,7239,982,2735
"Cry of Fear",3,136.991170212766,-10.093085106383,302.255319148936,0,20990,3497,3830
"Crypt of the NecroDancer",3,248.136075949367,-0.0337974683544316,564.481012658228,44,14162,533,326
"Crysis",3,87.0055339805825,-2.86514563106796,283.038834951456,0,6075,1277,313
"CS2D",3,66.5302564102564,-10.0892307692308,147.666666666667,66,4875,579,41
"Cuphead",3,1059.5275,23.2527272727273,2510.20454545455,28,38821,1698,620
"Danganronpa 2: Goodbye Despair",3,361.883793103448,8.71431034482759,634.879310344828,47,4677,148,1909
"Danganronpa V3: Killing Harmony",3,345.060465116279,14.9295348837209,761.186046511628,41,3240,571,2832
"Danganronpa: Trigger Happy Havoc",3,308.542295081967,10.6827868852459,750.360655737705,38,5714,167,1636
"Dark and Light",3,618.9784,3.6184,1370.02,29,4610,3949,1062
"DARK SOULS II",3,1623.11409638554,3.06144578313251,4217.19277108434,38,30008,3799,2377
"DARK SOULS II: Scholar of the First Sin",3,2170.64585714286,-50.1771428571429,4054.42857142857,38,25959,4289,3189
"DARK SOULS III",3,9272.46034482759,-1091.04620689655,17834.6551724138,43,100412,9953,4222
"DARK SOULS: REMASTERED",3,1593.32090909091,-429.080606060606,2967.87878787879,41,8669,4014,1160
"Darksiders II Deathinitive Edition",3,242.402380952381,-2.99253968253968,587.190476190476,50,5935,2063,992
"Darksiders III",3,211.55,4.60357142857143,717.464285714286,59,3302,1368,1716
"Darksiders Warmastered Edition",3,210.4218,-17.3966,561.74,43,5250,933,326
"Darkwood",3,54.4431707317073,1.49353658536585,170.243902439024,15,3856,238,417
"Darwin Project",3,344.829189189189,-7.53567567567567,1180.97297297297,0,9663,2267,160
"Dawn of Man",3,1010.61086956522,-204.786086956522,2151.08695652174,18,2757,706,667
"Day of Defeat",3,165.315145631068,-2.12514563106796,304.650485436893,0,3416,398,187
"Day of Defeat: Source",3,677.769708737864,-8.93669902912621,1437.84466019417,54,10489,1210,1356
"Day of Infamy",3,362.401071428571,2.12071428571428,930.607142857143,97,14349,3169,3902
"DayZ",1,8097.25643564356,220.043861386139,16341.8118811881,0,118435,77169,7235
"DC Universe Online",3,744.222038834951,-14.7387378640777,1302.15533980583,169,10138,2654,2990
"DCS World Steam Edition",3,358.300666666667,11.7904444444444,690.611111111111,0,5083,1534,2343
"Dead Bits",3,60.67875,-0.0386249999999998,998.05,0,4845,3470,272
"Dead by Daylight",1,20919.9805357143,430.369107142857,41349.8571428571,128,140721,44985,5904
"Dead Cells",3,1789.259375,128.781875,4044.91666666667,60,26033,1434,1006
"Dead Frontier 2",3,491.322333333333,20.5033333333333,1075.86666666667,0,4814,2179,0
"Dead Island Definitive Edition",3,196.090701754386,4.96,652.877192982456,57,3513,1415,1725
"Dead Space",3,116.353009708738,0.108640776699029,321.52427184466,0,9136,1049,295
"Dead Space 2",3,104.932718446602,-1.48165048543689,262.679611650485,0,8943,493,292
"Deadlight",3,34.1631,-4.7771,191.72,31,8981,2298,307
"Death Road to Canada",3,88.8944827586207,0.892586206896552,225.5,72,3307,234,1139
"Deceit",3,1251.57566037736,13.7222641509434,2706.49056603774,14,18666,6032,469
"Deep Rock Galactic",3,2019.1086,182.5016,5499.48,0,10254,838,3350
"DEEP SPACE WAIFU",3,20.4459090909091,-0.454090909090909,53.9545454545455,69,7222,252,167
"Defense Grid: The Awakening",3,101.088252427184,-1.74407766990291,219.368932038835,87,3307,113,455
"Defiance",3,517.938585858586,0.355959595959596,1208.85858585859,0,9150,2808,953
"Democracy 3",3,99.4160227272727,-3.98659090909091,360.693181818182,42,4492,1596,752
"Deponia",3,60.8286274509804,-0.545098039215686,230.441176470588,19,7208,840,217
"Depth",3,257.301428571429,1.76220779220779,1020.88311688312,40,22385,3472,791
"Destiny 2",3,69393.380625,-6619.610625,129516,0,1504,1489,280
"Detention",3,40.5319607843137,0.350000000000001,189.470588235294,8,8540,2688,387
"Deus Ex: Game of the Year Edition",3,63.9303883495146,-0.443592233009709,152.611650485437,0,6242,347,324
"Deus Ex: Human Revolution - Director's Cut",3,459.450454545455,-10.1043181818182,1156.72727272727,59,13044,1233,947
"Deus Ex: Mankind Divided",3,864.683518518519,-283.012592592593,2296.22222222222,81,16023,7344,798
"Devil Daggers",3,20.3483333333333,-0.6175,56.4666666666667,1,4462,222,216
"Devil May Cry 4 Special Edition",3,128.133,1.52714285714286,374.157142857143,42,5036,509,432
"Devil May Cry 5",3,1135.15260869565,-581.868260869565,3230.4347826087,51,17657,1487,916
"Digimon Masters Online",3,819.178076923077,15.6907692307692,1349.75,0,2836,1350,447
"Dino D-Day",3,51.0106796116505,-0.172233009708738,307.864077669903,77,12222,2367,172
"DiRT 4",3,261.531224489796,7.55897959183674,715.959183673469,48,3779,1923,873
"DiRT Rally",3,546.829275362319,-4.88521739130435,1765.3768115942,170,17632,2496,488
"DiRT Rally 2.0",3,916.499565217391,30.0913043478261,1979.13043478261,54,1017,670,104
"Dirty Bomb",3,1419.60828571429,1.82771428571428,2734.01428571429,77,43743,10891,715
"Dishonored",3,893.7308,-58.1935,2425.27,80,41756,1269,749
"Dishonored 2",3,1003.57980392157,-139.865294117647,2315.13725490196,50,21022,5059,1117
"Distance",3,30.5055405405405,-0.562432432432432,99.6891891891892,31,3989,279,887
"DISTRAINT: Deluxe Edition",3,70.38140625,0.357031250000004,2896.609375,16,6830,451,228
"DLC Quest",3,11.7965263157895,-2.02463157894737,76.2315789473684,22,5434,718,126
"Domina",3,86.229375,2.36166666666667,333.729166666667,34,4260,635,341
"Don't Starve Together",3,8625.8195945946,142.956351351351,19318.8243243243,0,108601,4206,1070
"DOOM",3,1855.47403508772,-210.179649122807,4392.70175438596,54,68536,5156,751
"Door Kickers",3,76.0255056179775,0.777977528089888,262.213483146067,43,5834,349,366
"Dota 2",2,457625.24592233,3418.55378640777,790969.223300971,0,863507,142079,23944
"Double Action: Boogaloo",3,49.1264473684211,-5.92039473684211,122.526315789474,14,9252,786,5852
"Downwell",3,32.31921875,-2.1496875,82.515625,20,4486,149,134
"Dragon's Dogma: Dark Arisen",3,989.603606557377,-205.320491803279,2106.6393442623,59,12856,1688,1355
"Dragon Age: Origins",3,216.609514563107,-0.414077669902912,497.194174757282,0,6207,468,2061
"Dragon Age: Origins - Ultimate Edition",3,664.364854368932,0.464660194174757,1534.65048543689,0,8808,726,686
"DRAGON BALL FighterZ",3,1655.80432432432,-447.21027027027,3894.24324324324,35,10441,2264,3020
"DRAGON BALL XENOVERSE",3,431.577763157895,0.598289473684207,1457.03947368421,50,12601,1680,2575
"DRAGON BALL XENOVERSE 2",3,1002.15705882353,-66.4745098039216,2206.6862745098,61,9531,2495,3194
"Dragonia",3,12.4331818181818,-2.75954545454545,105.818181818182,46,4562,702,135
"Duck Game",3,353.171805555556,7.36805555555556,930.694444444444,18,16769,755,607
"Duke Nukem Forever",3,54.946213592233,-1.59300970873786,145.679611650485,62,4433,2243,434
"Dungeon Defenders",3,601.824174757282,-57.1835922330097,1419.00970873786,114,10693,932,1993
"Dungeon Defenders II",3,779.998488372093,5.23406976744187,1858.45348837209,18,10766,3802,523
"Dungeon of the Endless",3,185.859069767442,0.22313953488372,621.860465116279,33,7423,1046,648
"Dungeons 3",3,262.43,3.92666666666667,847.104166666667,60,8974,528,559
"Dungeons of Dredmor",3,80.9780582524272,-2.57747572815534,180.728155339806,124,3879,235,800
"DUSK",3,47.2551020408163,1.44183673469388,134.816326530612,30,3599,89,284
"Dust: An Elysian Tail",3,96.9522340425532,0.223723404255318,368.212765957447,30,15064,625,370
"Dying Light",3,4433.26902777778,-72.2354166666667,11740.1111111111,68,78192,6176,2033
"E.Y.E: Divine Cybermancy",3,39.3891262135922,-1.91291262135922,147.601941747573,100,4459,906,413
"EA SPORTS FIFA 21 ",1,16246.71,1095.42,30965.25,36,16481,5418,8405
"Eco",3,780.325609756098,72.0636585365854,1819.63414634146,0,1875,639,2197
"ELEX",3,413.979824561404,4.56052631578947,1404.98245614035,50,7388,2427,1932
"Elite Dangerous",3,4881.32642857143,55.2447142857143,9902.64285714286,0,26143,11006,4545
"Elsword",3,461.835934065934,-12.7565934065934,955.582417582418,0,4755,1511,796
"Emily is Away",3,41.7392063492063,-12.7380952380952,149.650793650794,20,25981,3340,121
"Empyrion - Galactic Survival",3,1788.89313432836,32.9692537313433,3617.85074626866,0,11061,2777,495
"Enclave",3,44.4818181818182,0.0564772727272725,972.284090909091,0,4076,1139,213
"Endless Legend",3,735.025,-2.45829268292683,2152.84146341463,139,10015,2107,1045
"Endless Sky",3,116.51873015873,-11.8101587301587,211.174603174603,0,3420,366,33
"ENSLAVED: Odyssey to the West Premium Edition",3,23.4280681818182,-1.46170454545455,83.25,58,3677,650,185
"Enter the Gungeon",3,1374.792,16.8958571428571,2674.85714285714,54,24947,1573,1625
"Epistory - Typing Chronicles",3,20.78515625,0.21921875,82.46875,55,3603,160,324
"Eternal Card Game",3,785.489411764706,-12.2460784313726,1372.33333333333,29,3457,993,271
"Eternal Senia",1,20.3560294117647,-4.25632352941177,51.6029411764706,0,10106,227,15961
"Euro Truck Simulator",3,29.0198947368421,-0.323473684210526,92.6315789473684,0,3772,973,315
"Euro Truck Simulator 2",3,11510.8021649485,230.955360824742,25515.1134020619,67,176769,5825,4942
"Europa Universalis IV",1,9618.25936170213,169.034680851064,18277.670212766,295,40346,8254,8138
"Everlasting Summer",3,383.942666666667,-2.99986666666667,754.16,14,31230,1538,249
"EVERSPACE",3,149.119444444444,2.32185185185185,476.925925925926,33,4061,1087,312
"Evoland",3,21.0914736842105,0.042631578947368,125.305263157895,29,4437,906,237
"F.E.A.R.",3,52.0578640776699,-0.705145631067961,159.116504854369,0,6371,438,389
"F.E.A.R. 2: Project Origin",3,53.5294174757282,-0.797281553398058,133.145631067961,0,3274,509,301
"F.E.A.R. 3",3,82.6731067961165,-3.92495145631068,252.135922330097,50,5349,2030,310
"F1 2012",3,216.038811881188,-12.1111881188119,571.910891089109,49,1447,176,1623
"F1 2014",3,99.0394845360825,0.537731958762887,283.659793814433,49,1113,317,1508
"F1 2015",3,181.148,0.387999999999999,1775.32857142857,45,3834,2720,305
"F1 2016",3,325.920178571429,0.371071428571429,951.107142857143,49,3237,612,1397
"F1 2017",3,546.963571428571,-89.9647619047619,1510.09523809524,50,3375,685,1164
"F1 2018",3,914.961,-135.586666666667,2396.03333333333,50,2491,630,3824
"Fable - The Lost Chapters",3,99.0101941747573,-2.44233009708738,277.029126213592,0,4384,364,494
"Fable Anniversary",3,178.375769230769,2.42846153846154,609.935897435897,50,4036,1119,708
"FaceRig",3,547.827692307692,23.0501282051282,1043.05128205128,38,3841,785,466
"Factorio",1,8016.09583333333,183.633333333333,14459.1666666667,38,47918,723,10087
"Faeria",3,245.166440677966,-2.20525423728813,529.152542372881,59,4683,882,2201
"Fallout 3",3,127.017281553398,-0.0438834951456315,305.165048543689,0,9921,2709,588
"Fallout 4",3,19736.8682539683,-3373.40714285714,36658.1746031746,84,110376,45377,4822
"Fallout Shelter",3,1658.94,-342.360217391304,2761.45652173913,35,21481,3569,1116
"Fallout: New Vegas",3,3960.34660194175,-13.0187378640777,7774.27184466019,75,66756,3149,2485
"Far Cry",3,55.2712621359223,0.0594174757281553,156.611650485437,0,3099,609,126
"Far Cry 4",3,1160.63337662338,9.91324675324676,2922.31168831169,0,17082,4740,1062
"Far Cry 5",3,3652.25970588235,-727.407352941177,8814.47058823529,0,23373,11081,1869
"Far Cry New Dawn",3,870.246666666667,-219.46375,2107.58333333333,0,2755,1161,1597
"Far Cry Primal",3,459.411016949153,-61.6061016949153,1325.81355932203,0,8428,2633,949
"FAR: Lone Sails",3,33.1111764705882,0.505588235294117,201.323529411765,14,3359,266,179
"Farm Together",3,1126.46055555556,35.4813888888889,2161.02777777778,45,4022,407,35
"Farming Simulator 15",3,1288.68948717949,2.14153846153847,3060.32051282051,16,10219,1066,1902
"Farming Simulator 17",3,3561.68109090909,16.4905454545455,8088.36363636364,17,11211,1025,4377
"Farming Simulator 19",3,12593.7255555556,-206.511851851852,26763.7407407407,23,5738,1708,1164
"Feed and Grow: Fish",3,234.981147540984,8.66639344262295,413.016393442623,19,1341,550,197
"FEZ",3,64.1323232323232,0.261717171717171,210.919191919192,12,10641,928,144
"FINAL FANTASY IX",3,267.266206896552,-56.9384482758621,599.413793103448,85,3875,325,1911
"FINAL FANTASY VII",3,574.307252747253,-27.6662637362637,1172.75824175824,36,11722,878,2443
"FINAL FANTASY VIII",3,333.82511627907,-25.6232558139535,668.53488372093,45,5323,682,2145
"FINAL FANTASY X/X-2 HD Remaster",3,637.100701754386,-96.2005263157895,1285.87719298246,69,6334,723,596
"FINAL FANTASY XIII",3,366.632236842105,-32.2444736842105,806.263157894737,35,7016,2769,1497
"FINAL FANTASY XIV Online",1,8003.86416666667,182.200833333333,13911.7142857143,0,9808,2107,28897
"FINAL FANTASY XV WINDOWS EDITION",3,1343.53357142857,17.9059523809524,3213.07142857143,97,13789,4046,851
"Finding Paradise",3,30.46525,0.54825,95.125,1,6578,123,166
"Firewatch",3,114.1695,-29.4626666666667,444.383333333333,10,32886,5524,206
"Fishing Planet",3,1300.74060606061,-3.47727272727273,2470.25757575758,0,10585,3330,196
"Fistful of Frags",3,296.601234567901,-14.676049382716,590.987654320988,17,23803,2399,3079
"Five Nights at Freddy's",3,77.3047435897436,-2.04615384615385,197.410256410256,0,15784,2179,474
"Five Nights at Freddy's 2",3,40.7522666666667,-7.10066666666667,98.68,0,8032,851,171
"Five Nights at Freddy's 3",3,15.1654929577465,-8.17225352112676,41.1408450704225,0,4917,678,133
"Five Nights at Freddy's 4",3,15.4470149253731,-7.46910447761194,58.6417910447761,0,6348,507,139
"Five Nights at Freddy's: Sister Location",3,48.1507547169811,0.693018867924527,170.283018867925,0,4763,491,100
"FlatOut 2",3,54.2311650485437,0.614854368932039,159.019417475728,0,5438,343,293
"Floating Point",3,10.15925,-0.80425,37.5875,0,3262,139,7076
"Football Manager 2018",1,13760.9256410256,-772.588974358974,24188.4615384615,77,4399,2466,19379
"Football Manager 2020",1,48717.0966666667,-736.804,87148,77,4105,2040,18644
"Football Manager 2021",1,53707.3066666667,4970.84666666667,91653,77,3510,1541,5941
"For The King",3,684.448979591837,69.480612244898,1939.67346938776,72,4790,920,1536
"Foundation",3,501.6264,32.9512,1299.2,0,1228,386,219
"Foxhole",3,446.385111111111,12.396,1188.13333333333,0,6075,1546,928
"Fran Bow",3,47.5412121212121,0.701060606060606,150.878787878788,18,4896,192,508
"Freddy Fazbear's Pizzeria Simulator",3,128.367631578947,-34.2357894736842,277.078947368421,0,7846,580,100
"Freedom Planet",3,17.5864556962025,-1.30962025316456,52.3164556962025,56,3549,163,259
"Friday the 13th: The Game",3,769.937192982456,10.8240350877193,2080.98245614035,53,19663,8304,4823
"Frostpunk",3,2097.66476190476,42.2752380952381,5171.38095238095,75,22952,3202,1084
"FTL: Faster Than Light",3,1410.48128712871,-53.339603960396,2964.59405940594,0,42641,1629,1111
"Furi",3,52.7505263157895,0.671228070175439,176.578947368421,33,4199,474,535
"Galactic Civilizations III",3,519.174268292683,4.55256097560976,1197.10975609756,98,6051,1891,199
"Game Dev Tycoon",3,394.310555555556,-9.894,1243.91111111111,35,27373,1436,807
"Gang Beasts",3,225.95038961039,4.12155844155844,598.064935064935,19,13439,5880,681
"Gaokao.Love.100Days",3,25.5624637681159,0.132753623188406,81.6376811594203,30,4592,215,173
"Garfield Kart",3,36.88328125,1.2353125,63.15625,0,4262,598,41
"Garry's Mod",1,26353.0160194175,191.993398058252,48811.0970873786,29,363721,16433,12422
"Gear Up",3,68.7288235294118,0.0378431372549022,189.323529411765,27,6383,2225,139
"Genital Jousting",3,22.056862745098,-1.0421568627451,106.039215686275,28,4826,468,64
"Geometry Dash",3,2914.32716216216,80.9727027027027,5019.64864864865,120,52737,2990,5546
"Getting Over It with Bennett Foddy",3,360.045,9.4905,768.05,3,10964,2913,169
"Goat Simulator",3,358.149397590361,-12.5393975903614,1033.4578313253,127,45892,5779,309
"Gold Rush: The Game",3,525.238048780488,11.6739024390244,1295.53658536585,42,3176,1787,227
"Golf It!",3,436.214375,20.605625,1177.8125,28,3219,744,815
"Golf With Your Friends",3,674.804918032787,16.6127868852459,1734.80327868852,39,15946,1723,323
"Gone Home",3,19.1482291666667,0.0639583333333334,98.03125,10,11893,3651,90
"GORN",3,88.8948837209302,0.305581395348837,355.883720930233,0,3357,124,394
"Gorogoa",3,18.6240476190476,0.493333333333334,97.0952380952381,11,4739,129,121
"Gothic II: Gold Edition",3,97.2223300970874,2.56611650485437,235.436893203883,0,3809,475,102
"Governor of Poker 3",3,433.172333333333,4.997,778.233333333333,32,2163,866,1848
"Granado Espada",3,1164.86425,37.45025,1445.475,0,181,124,44
"Grand Theft Auto III",3,67.6049514563107,0.155533980582524,171.242718446602,0,4718,750,98
"Grand Theft Auto V",1,62180.5165714286,-1458.09114285714,122085.628571429,77,329061,139308,9837
"Grand Theft Auto: San Andreas",3,724.132233009709,5.93912621359223,1525.84466019417,0,26877,3243,807
"Grand Theft Auto: Vice City",3,179.598155339806,2.38912621359223,400.174757281553,0,9817,819,209
"GRAV",3,62.7068493150685,-9.29178082191781,227.753424657534,0,3484,3010,509
"Graveyard Keeper",3,1044.692,-234.356666666667,2972.03333333333,62,4802,1541,837
"Green Hell",3,1356.1924137931,104.146896551724,3854.20689655172,0,2767,516,663
"Gremlins, Inc.",3,133.72015625,2.41859375,493.25,100,3232,550,193
"GRID 2",3,322.156413043478,-17.3060869565217,1263.52173913043,60,11953,3009,340
"GRID Autosport",3,168.419024390244,0.483536585365854,485.19512195122,60,4969,1610,228
"Grim Dawn",3,3089.56781609195,50.3162068965517,7009.31034482759,178,26805,2605,3651
"Grim Fandango Remastered",3,48.4794444444444,-3.61805555555556,155.166666666667,47,4129,471,285
"GRIS",3,136.599230769231,-11.8711538461538,435.269230769231,17,5747,242,0
"Grow Home",3,26.3512328767123,0.0731506849315067,88.6849315068493,26,3855,382,142
"Guacamelee! Gold Edition",3,37.3417777777778,-1.42388888888889,137.066666666667,60,4881,338,245
"Gunpoint",3,33.985652173913,-4.95434782608696,179.913043478261,42,10384,271,212
"Guns of Icarus Online",1,196.166274509804,-0.143529411764705,1839.55882352941,849,12932,1276,275
"GunZ 2: The Second Duel",3,170.64380952381,-59.0846428571429,331.428571428571,183,6865,3424,450
"Hacknet",3,280.557611940299,6.06641791044776,2707.28358208955,11,13355,1052,278
"Hades",3,8102.92571428571,461.437857142857,15899.2142857143,49,124815,2029,1780
"Half-Life",3,401.323689320388,2.50495145631068,959.961165048544,0,27755,1100,1300
"Half-Life 2",3,845.655436893204,-3.0652427184466,1963.93203883495,33,67902,2419,691
"Half-Life 2: Deathmatch",3,224.30359223301,-3.44300970873786,447.932038834951,0,6020,787,311
"Half-Life 2: Episode One",3,135.89572815534,-0.65009708737864,307.019417475728,13,7908,517,281
"Half-Life 2: Episode Two",3,175.88145631068,-0.864368932038835,376.300970873786,22,13902,696,354
"Half-Life 2: Lost Coast",3,19.478932038835,-0.192233009708738,50.1456310679612,0,5783,1020,46
"Half-Life: Alyx",3,959.587272727273,-621.757272727273,2229.81818181818,42,44058,2151,691
"Half-Life: Blue Shift",3,38.0420388349515,0.169126213592233,88.9611650485437,0,3822,420,361
"Half-Life: Opposing Force",3,73.7039805825243,0.258834951456311,161.582524271845,0,5250,288,624
"Half-Life: Source",3,54.1544660194175,-0.57747572815534,144.854368932039,0,3767,1053,190
"Hammerwatch",3,85.2841111111111,-4.88133333333333,334.955555555556,38,5092,566,288
"Hand of Fate",3,75.9391139240506,0.147594936708861,304.911392405063,53,8045,794,371
"Hand Simulator",3,231.326046511628,4.94511627906977,643.906976744186,69,9792,2665,169
"Hatoful Boyfriend",3,20.0640506329114,0.180253164556962,70.9746835443038,16,5235,328,622
"Hatred",3,29.1425352112676,0.360845070422535,122.098591549296,74,5473,1560,206
"Hearts of Iron III",3,287.162718446602,-0.909417475728155,570.155339805825,0,3298,992,809
"Hearts of Iron IV",1,13916.7853448276,421.971206896552,25175.3620689655,92,34711,5251,9413
"Heat Signature",3,81.9835087719298,0.701403508771929,304.929824561404,70,3247,220,693
"Hellblade: Senua's Sacrifice",3,167.358163265306,2.52918367346939,588.122448979592,14,20227,1805,455
"Hentai Girl",1,20.0773333333333,-3.598,112.766666666667,3000,4662,450,77
"Her Story",3,22.3873529411765,-0.971617647058823,85.4117647058823,13,4850,543,123
"Hero Siege",3,384.384166666667,3.28869047619048,1146.39285714286,57,14929,4023,803
"Heroes & Generals",3,3385.20376344086,28.3584946236559,6941.89247311828,0,65856,34416,1752
"Heroes of Might & Magic III - HD Edition",3,814.408888888889,2.80763888888889,1702.63888888889,13,4673,2161,1854
"Hexcells",3,11.9203571428571,-0.0422619047619048,52.9523809523809,6,3482,129,49
"Hidden Folks",3,33.0159615384615,0.569615384615385,117.326923076923,7,4514,161,87
"HITMAN 2",3,2429.22703703704,-127.472962962963,19060.5555555556,125,10814,1756,636
"Hitman: Absolution",3,653.623535353535,-94.7008080808081,1817.90909090909,47,23277,2478,650
"Hitman: Blood Money",3,93.1466990291262,-2.25271844660194,242.932038834951,0,5864,391,435
"Holdfast: Nations At War",3,255.075531914894,10.2370212765957,987.872340425532,0,4354,741,1560
"Hollow Knight",3,2570.9692,93.7182,5218.44,63,40167,1927,1286
"Home Behind",3,102.735535714286,-15.8108928571429,301.053571428571,35,3517,530,1160
"Homefront",3,61.0963106796116,-1.57135922330097,225.718446601942,47,5506,3685,1772
"Homefront: The Revolution",3,154.434848484848,0.863333333333335,556.045454545455,74,6396,5102,408
"Homeworld Remastered Collection",3,266.912054794521,2.44767123287671,936.547945205479,34,5377,827,353
"Horizon Zero Dawn",3,3265.69833333333,-2272.8,7650.33333333333,79,26841,8445,1412
"Hotline Miami",3,211.0598,-3.4167,772.67,35,45809,1211,380
"Hotline Miami 2: Wrong Number",3,260.472676056338,-39.2876056338028,598.760563380282,29,21838,1933,447
"House Flipper",3,1508.65911111111,64.5624444444445,3322.26666666667,26,7019,1761,520
"House Party",3,196.530681818182,5.06704545454545,478.25,32,3329,593,313
"How to Survive",3,135.938863636364,-12.2109090909091,683.636363636364,43,12965,2751,333
"How to Survive 2",3,175.065846153846,0.717692307692306,609.492307692308,49,5823,2471,409
"Human: Fall Flat",3,2871.13339285714,99.8089285714286,12364.1071428571,55,28371,2678,348
"HunieCam Studio",3,86.8148275862069,-11.9343103448276,187.655172413793,16,3214,645,183
"HuniePop",3,321.347671232877,-1.55547945205479,747.671232876712,20,17761,711,2741
"Hunt: Showdown",3,3438.77425,199.6135,8194.975,37,57015,11148,1101
"Hurtworld",3,1069.17274193548,-100.609193548387,2444.6935483871,0,15574,5362,5439
"Hyper Light Drifter",3,117.336949152542,0.602711864406779,384.389830508475,23,11027,721,275
"I am Bread",3,25.3554054054054,-1.83945945945946,81.8648648648649,35,4088,1174,146
"ibb & obb",3,30.9341975308642,0.643703703703704,121.296296296296,10,3125,211,255
"ICEY",3,47.1005882352941,-12.3635294117647,229.823529411765,34,16978,1627,294
"Idle Wizard",3,922.7436,4.3276,1141.84,55,108,26,0
"Idling to Rule the Gods",3,808.152105263158,1.12456140350877,975,28,454,71,7194
"Imperator: Rome",3,966.627142857143,-73.4385714285714,2439.28571428571,72,14561,12411,1204
"Infestation: The New Z",3,1805.6168627451,-101.003725490196,3000.70588235294,63,13726,14201,376
"Injustice 2",3,304.872307692308,-13.3928205128205,699.641025641026,74,3673,938,103
"Injustice: Gods Among Us Ultimate Edition",3,164.580326086957,0.941630434782608,642.79347826087,50,8793,1473,288
"INSIDE",3,118.654,-15.9689090909091,375.672727272727,14,19660,934,297
"Insurgency",3,1635.9379,9.02430000000001,4601.1,100,92355,9570,712
"Insurgency: Sandstorm",3,2341.40230769231,-23.0853846153846,5170.76923076923,37,12858,3933,1425
"Into the Breach",3,376.451875,5.38291666666666,1171.6875,55,5245,426,1277
"Invisible, Inc.",3,87.5964102564103,-3.37602564102564,252.602564102564,23,3559,271,325
"Iron Snout",1,58.7783606557377,-2.47393442622951,120.803278688525,37,13889,277,10647
"Jazzpunk: Director's Cut",3,17.2623529411765,0.102352941176471,68.6470588235294,24,4136,393,305
"Jet Set Radio",3,18.180099009901,-0.883960396039604,69.5148514851485,30,3398,631,207
"Jotun: Valhalla Edition",3,46.2090909090909,0.156363636363636,525.878787878788,36,5325,1470,203
"Jurassic World Evolution",3,1828.759375,-580.070625,4844.0625,62,9824,4060,1201
"Just Cause 2",3,652.974077669903,-16.3417475728155,1760.58252427184,50,33636,3231,519
"Just Cause 2: Multiplayer Mod",3,215.523372093023,-23.9343023255814,741.988372093023,20,12261,1099,431
"Just Cause 3",3,1892.32580645161,-123.725161290323,4631.74193548387,66,37747,14024,2086
"Keep Talking and Nobody Explodes",3,119.94875,-3.7571875,445.484375,10,5745,115,196
"Kenshi",3,1271.83894736842,38.1665263157895,2086.93684210526,0,9512,1171,1756
"Kerbal Space Program",3,3476.04189473684,28.0681052631579,6913.54736842105,0,49328,5168,9223
"Killing Floor",3,1171.4167961165,-30.9065048543689,2707.3786407767,285,53710,2649,1328
"Killing Floor 2",3,3493.99752808989,37.2557303370787,8566.7191011236,257,60917,8354,2967
"King Arthur's Gold",3,65.1441379310345,-4.53551724137931,168.275862068966,64,3127,643,384
"Kingdom Come: Deliverance",3,3810.90756756757,75.3097297297297,10363.2162162162,71,30024,9307,2106
"Kingdom Rush",3,100.072117647059,-2.51505882352941,250.764705882353,72,5101,182,225
"Kingdom: Classic",3,161.6025,-6.1725,1453.15625,34,9673,1227,250
"Kingdom: New Lands",3,191.489074074074,-14.3964814814815,489.87037037037,34,4619,741,221
"Kingdoms and Castles",3,391.715434782609,7.04217391304348,1099.34782608696,12,6380,1119,466
"Kingdoms of Amalur: Reckoning",3,338.20213592233,-0.625631067961165,993.864077669903,61,8523,1201,252
"klocki",3,4.66836363636364,-0.643454545454545,23.7272727272727,1,3559,95,86
"Knight Online",3,2672.40049180328,-53.0934426229508,3833.24590163934,0,3704,4187,113
"L.A. Noire",3,292.879708737864,-14.5540776699029,843.990291262136,60,14096,2315,428
"Late Shift",3,24.0485106382979,0.612127659574468,104.531914893617,20,4059,525,308
"Layers of Fear",3,120.90303030303,0.0495454545454591,2592.13636363636,27,14551,1682,227
"Left 4 Dead",3,461.660097087379,-7.09504854368932,1017.19417475728,73,17951,948,897
"Left 4 Dead 2",3,10380.3737864078,43.0231067961165,23552.5436893204,70,251789,8418,1615
"Legend of Grimrock",3,80.9797087378641,-5.45281553398058,258.747572815534,40,4420,268,314
"Lethal League",3,51.3412820512821,-1.37217948717949,217.282051282051,23,5196,346,258
"Life is Feudal: Your Own",3,926.243896103896,-15.9692207792208,1930.93506493506,150,6167,3395,3497
"Life is Strange 2",3,382.198928571429,-1.4625,17968.1428571429,46,4749,950,325
"Life is Strange: Before the Storm",3,275.638636363636,3.055,1603,34,21705,1520,478
"LIMBO",3,113.808737864078,-4.38252427184466,607.592233009709,13,30321,1994,117
"Line of Sight",3,207.807962962963,0.897407407407406,420.203703703704,408,4562,3397,161
"LISA",3,58.5175675675676,0.0305405405405408,166.378378378378,68,7450,344,882
"Little Inferno",3,45.9230303030303,-0.545757575757576,191.020202020202,0,6403,459,177
"Little Nightmares",3,154.904905660377,26.7796226415094,841.037735849057,22,7568,980,90
"Loading Screen Simulator",3,20.7025581395349,-5.46720930232558,47.0232558139535,19,5783,936,26
"Long Live The Queen",3,32.4341379310345,-2.40298850574713,154.459770114943,45,5656,305,350
"Lords Of The Fallen",3,131.9056,-13.3176,387.653333333333,56,7393,4963,456
"Lost Castle",3,532.352166666667,-5.58116666666666,1746.78333333333,81,11930,1392,881
"Lost Lands: A Hidden Object Adventure",3,56.9313846153846,-1.57184615384615,97.6,48,3799,434,0
"Lost Lands: Mahjong",3,61.5179661016949,-2.40983050847458,111.033898305085,46,3769,309,23
"Lucius",3,32.3531,-2.0838,140.11,58,5775,1400,172
"Lucy -The Eternity She Wished For-",3,12.5315254237288,-0.0445762711864407,47.728813559322,0,5341,238,213
"LUFTRAUSERS",3,16.3245744680851,0.0493617021276594,64.1489361702128,12,3180,302,260
"LYNE",3,27.8084337349398,-0.373734939759036,67.8072289156626,33,6860,263,176
"Machinarium",3,26.4188349514563,-0.358155339805825,93.631067961165,12,5437,264,165
"Mad Games Tycoon",3,80.62,-0.28972602739726,213.054794520548,39,3211,362,185
"Mad Max",3,1030.59493975904,7.96903614457831,2756.50602409639,49,36222,3811,1030
"Magic Duels",3,1445.37787878788,-94.1801515151515,2240.84848484848,49,16599,6912,1854
"Magicite",3,95.1777380952381,-0.907023809523809,291.47619047619,0,5488,936,450
"Magicka",3,293.527087378641,-13.3428155339806,1139.84466019417,88,20912,1964,589
"Magicka 2",3,112.180441176471,-1.72397058823529,452.235294117647,47,4873,1382,198
"MapleStory",3,855.852843137255,10.8102941176471,1569.74509803922,0,3629,1711,71
"MapleStory 2",3,1095.41571428571,-721.874285714286,2177.32142857143,0,5143,1750,1273
"March of Empires",3,850.63717948718,32.5115384615385,1327,87,163,135,3
"Marie's Room",3,10.122,0.0897142857142856,29.5428571428571,7,3763,206,30
"Mass Effect",3,376.894368932039,-1.06203883495146,954.980582524272,0,10107,666,612
"Mass Effect 2",3,413.387378640777,-2.54466019417476,892.26213592233,0,10675,542,1087
"Material Girl",3,64.3488636363636,-14.22,225.068181818182,0,6922,648,221
"Max Payne",3,33.9826213592233,-0.116893203883495,104.543689320388,0,3926,435,316
"Max Payne 3",3,315.676990291262,-12.1035922330097,963.796116504854,67,21581,4374,464
"Meadow",3,51.5903773584906,0.314150943396227,467.867924528302,83,3819,470,227
"Medieval Engineers",1,143.648472222222,-6.91930555555556,362.138888888889,0,3233,1376,11517
"Melody's Escape",3,12.8478571428571,-0.253095238095238,42.2380952380952,8,4187,292,40
"Men of War: Assault Squad 2",1,1236.868,21.5358823529412,2570.81176470588,490,11389,2025,4678
"METAL GEAR RISING: REVENGEANCE",3,138.067789473684,1.67263157894737,461.936842105263,60,13722,1157,863
"METAL GEAR SOLID V: GROUND ZEROES",3,111.977702702703,-23.1640540540541,381.567567567568,16,7953,1692,320
"METAL GEAR SOLID V: THE PHANTOM PAIN",3,2526.92692307692,-633.429230769231,4739.50769230769,42,38643,4954,3007
"METAL SLUG 3",3,27.4783333333333,-1.72678571428571,117.690476190476,30,5229,553,212
"Metin2",3,720.366666666667,-59.3662222222222,1353.2,0,4526,2741,2225
"Metro 2033 Redux",3,416.302727272727,-0.32935064935065,1359.75324675325,49,28179,7313,434
"Metro: Last Light Redux",3,413.09948051948,0.891428571428572,1069.64935064935,49,23483,5874,363
"Microsoft Flight Simulator X: Steam Edition",3,2194.62405405405,6.69513513513514,3776.75675675676,0,8859,2282,991
"Middle-earth: Shadow of War",3,2758.44446808511,50.9970212765957,7040.89361702128,72,19813,5633,1587
"Minecraft: Story Mode - A Telltale Games Series",3,86.1220634920635,-7.01380952380952,305.539682539683,50,6041,1948,399
"Mini Metro",3,120.717820512821,-0.212564102564103,296.217948717949,45,7464,288,212
"Minion Masters",3,765.206538461538,21.1303846153846,2179.51923076923,38,13269,1687,381
"Mirror",3,592.855128205128,23.7489743589744,1993.05128205128,114,21474,702,281
"Mirror's Edge",3,138.047378640777,-2.22242718446602,461.47572815534,0,17880,2341,260
"Miscreated",3,594.0228,2.7124,1317.85333333333,29,17255,7903,619
"Mitos.is: The Game",3,421.91696969697,-7.09924242424242,878.651515151515,0,9463,2158,268
"Monster Hunter: World",1,41580.883,-5479.529,101734.566666667,100,158413,23404,20814
"Montaro",3,16.6063636363636,-3.44218181818182,98.3636363636364,15,10099,485,174
"Moonbase Alpha",3,26.1606796116505,-0.273203883495146,75.2330097087379,0,9867,1166,54
"Mordheim: City of the Damned",3,251.534266666667,0.306266666666667,603.32,109,3596,1614,1441
"Morphopolis",3,9.68730769230769,-0.00602564102564112,51.8333333333333,13,3846,749,219
"Mortal Kombat X",3,670.342857142857,-78.4292857142857,1675.95714285714,73,21484,7154,1030
"Motorsport Manager",3,1030.94882352941,-41.253137254902,2363.92156862745,73,4278,488,4289
"Mount & Blade",3,136.011067961165,-1.48912621359223,315.805825242718,0,3205,291,415
"Mount & Blade: Warband",3,5939.44145631068,8.5104854368932,11925.7572815534,80,75872,2213,7932
"Mount Your Friends",3,37.4373417721519,-0.550759493670886,156.683544303797,8,6341,329,150
"Mountain",3,100.444230769231,-3.18051282051282,187.910256410256,31,10936,1516,614
"Move or Die",3,106.540789473684,1.47197368421053,390.644736842105,66,8633,1245,299
"MudRunner",3,748.475897435897,-22.98,1780.64102564103,62,5845,1172,527
"Murder Miners",3,22.8410126582278,-0.186455696202532,118.632911392405,18,4295,818,206
"Mutant Year Zero: Road to Eden",3,226.154444444444,2.86962962962963,713.333333333333,36,5034,682,301
"My Summer Car",3,612.751153846154,-0.818269230769231,1358.01923076923,64,12847,1309,2191
"My Time At Portia",3,1634.8556097561,39.0436585365854,3711.58536585366,91,10695,1108,2094
"NARUTO SHIPPUDEN: Ultimate Ninja STORM 4",3,647.654666666667,-2.11033333333333,1722.21666666667,53,17336,3456,767
"NARUTO SHIPPUDEN: Ultimate Ninja STORM Revolution",3,88.4083333333333,0.427051282051283,332.730769230769,50,4152,995,969
"Natural Selection 2",3,396.659900990099,-0.650297029702969,1205.0198019802,67,8372,1498,627
"Naval Action",3,643.432786885246,-18.4465573770492,1280.91803278689,0,3117,2029,1536
"NBA 2K17",3,1653.02886792453,-153.244905660377,3050.98113207547,49,4353,3893,4672
"NBA 2K18",3,3142.7156097561,-275.61243902439,6207.51219512195,50,4832,12067,3499
"NBA 2K19",3,6017.74448275862,-436.035862068966,11984.724137931,50,3093,8080,2901
"NBA 2K20",3,15229.3647058824,-434.083529411765,28891.4117647059,50,22908,21005,3499
"NBA 2K21",3,8951.144,350.378,16772.8,50,6723,11048,2901
"NEKOPARA Vol. 0",3,39.7740909090909,-1.17939393939394,139.060606060606,13,11781,765,430
"NEKOPARA Vol. 1",3,74.002027027027,1.6177027027027,190.432432432432,14,16160,740,526
"NEKOPARA Vol. 2",3,41.3603333333333,-4.64133333333333,95.15,20,8671,238,586
"NEKOPARA Vol. 3",3,69.2447826086957,1.29413043478261,186.173913043478,27,7678,202,317
"Never Alone (Kisima Ingitchuna)",3,21.1379220779221,0.125064935064935,79.6883116883117,19,5175,1224,232
"Neverwinter",3,2466.93848837209,-62.8922093023256,4379.97674418605,0,18517,5297,1273
"Next Day: Survival",3,113.133023255814,-37.8913953488372,372.279069767442,39,4854,2493,280
"Ni no Kuni II: Revenant Kingdom",3,456.980857142857,-161.38,1157.8,63,3220,638,1871
"Nidhogg",3,37.236,-2.44058823529412,162.4,12,5480,758,123
"NieR:Automata",3,1397.61106382979,-224.45914893617,3484.95744680851,47,39387,9414,2022
"Night in the Woods",3,122.963673469388,1.56632653061225,298.408163265306,31,6770,402,0
"No Man's Sky",3,4769.79777777778,-555.013888888889,13225.4259259259,27,63444,56488,2004
"No More Room in Hell",3,771.838850574713,-39.8318390804598,1380.40229885057,107,48190,5747,2661
"Northgard",3,1213.28679245283,44.3249056603774,3270.1320754717,133,12214,2314,601
"Nuclear Throne",3,225.741818181818,1.3925,429.454545454545,44,9694,405,682
"Octodad: Dadliest Catch",3,49.0966666666667,0.255151515151515,204.171717171717,32,6742,536,174
"OLDTV",3,6.13348837209302,-2.33674418604651,18.8837209302326,48,4293,219,25
"One Finger Death Punch",3,74.7843373493976,-4.50385542168675,195.710843373494,152,14181,256,149
"One Way Heroics",3,38.9466265060241,-1.70698795180723,102.831325301205,59,3349,199,547
"OneShot",3,55.2945283018868,1.16056603773585,164.735849056604,11,10985,220,327
"Onmyoji",3,903.889459459459,37.0402702702703,1830.24324324324,121,552,258,2616
"Orcs Must Die!",3,53.9549514563107,-12.8409708737864,175.708737864078,27,5371,180,159
"Orcs Must Die! 2",3,348.477843137255,-25.7248039215686,1149.28431372549,27,13321,682,429
"Ori and the Blind Forest: Definitive Edition",3,413.338596491228,7.76842105263158,1150,57,15886,627,322
"ORION: Prelude",3,108.576310679612,-0.0915533980582533,458.436893203883,251,22057,7558,263
"Osiris: New Dawn",3,155.783962264151,-5.13396226415094,535.528301886792,0,6333,3149,418
"Outlast",3,227.216777777778,5.34222222222222,788.588888888889,14,45966,1953,751
"Outlast 2",3,141.067755102041,7.45,545.428571428571,24,10790,1563,277
"Outward",3,747.628636363636,-110.867272727273,2064.31818181818,44,2647,978,1373
"Overcooked",3,177.354137931034,3.22706896551724,534.241379310345,12,6653,650,152
"Overcooked! 2",3,1259.971,3.71066666666667,4620.33333333333,40,5362,1274,359
"Overgrowth",3,37.0154651162791,-1.65744186046512,106.53488372093,0,3200,1315,777
"Overlord",3,55.5520388349515,0.145436893203884,203.04854368932,0,3439,276,304
"Owlboy",3,42.4594444444444,0.214444444444445,139.259259259259,12,3542,555,613
"Oxenfree",3,39.8709677419355,0.965967741935484,134.290322580645,13,6551,477,258
"Oxygen Not Included",3,4191.41660714286,135.398035714286,7897.21428571429,2,16797,1205,2115
"PAC-MAN Championship Edition DX+",3,19.417191011236,-1.09337078651685,92.3258426966292,12,5988,291,67
"Paint the Town Red",3,134.651846153846,3.13261538461538,294.8,0,4752,489,554
"Paladins",3,16346.6111320755,-206.525094339623,30444.2452830189,58,169580,32407,1595
"Papers, Please",3,287.987222222222,-5.902,912.888888888889,13,25587,1103,674
"Party Hard",3,58.7681818181818,-0.578636363636364,182.469696969697,27,4700,662,518
"Path of Exile",3,18163.9692045455,313.328522727273,42310.1477272727,120,71593,6117,5263
"Pathfinder: Kingmaker",3,2372.29724137931,-368.459310344828,4970.75862068965,67,6063,2426,1642
"Pavlov VR",3,391.723469387755,20.0728571428571,1156.81632653061,0,2952,355,362
"PAYDAY 2",1,16744.7989215686,256.518137254902,35471.2352941177,1130,308657,56523,3975
"PC Building Simulator",3,541.657619047619,23.3564285714286,1421.02380952381,53,6563,775,2021
"Phasmophobia",1,23042.4375,-7882.2125,54112.75,0,184139,29417,16179
"Pillars of Eternity",3,1196.56042857143,-131.413,2811.41428571429,48,11558,1835,1710
"Pillars of Eternity II: Deadfire",3,1262.91657894737,21.2536842105263,2755.55263157895,55,4435,876,2234
"Pit People",3,101.23296875,0.760937499999999,291.8125,27,5027,311,327
"Plague Inc: Evolved",3,536.311428571429,0.911785714285715,1705.5119047619,199,20081,1419,585
"Planet Coaster",3,2158.82981481481,38.1405555555556,4927.05555555556,32,22004,2828,1069
"Planet Explorers",3,89.3949397590361,-10.6756626506024,232.457831325301,16,3847,1729,545
"Planetary Annihilation: TITANS",3,272.95303030303,-8.99272727272727,786.69696969697,19,5373,1375,408
"Planetbase",3,313.328,3.29184615384615,770.076923076923,30,4171,1267,1069
"PlanetSide 2",3,2695.05828282828,-144.052828282828,5133.34343434343,0,35968,7753,1051
"Plantera",3,51.7973770491803,-1.0727868852459,187.819672131148,29,3709,485,365
"PLAYERUNKNOWN'S BATTLEGROUNDS",2,491907.301489362,3859.71063829787,1083301.21276596,37,496184,487076,22938
"Plug & Play",3,1.6356338028169,-0.0732394366197183,9.56338028169014,0,3065,588,18
"Polarity",3,9.58653333333333,0.0111999999999999,50.1866666666667,10,3932,942,156
"Poly Bridge",3,223.011617647059,2.02926470588235,783.823529411765,22,4112,520,168
"Pony Island",3,25.9527419354839,0.161451612903226,88.8870967741936,20,9347,421,224
"Portal",3,428.177669902913,-2.50087378640777,1131.46601941748,15,51801,1080,288
"Portal 2",3,2224.52718446602,-17.2998058252427,5663.41747572816,51,138220,1891,1102
"Portal Knights",3,581.944666666667,-4.637,1627.76666666667,29,10837,2531,1241
"Post Scriptum",3,560.683939393939,22.4412121212121,1789.75757575758,0,2889,1556,607
"POSTAL 2",3,223.1753,2.6485,651.69,89,36263,1872,257
"Prey",3,740.007777777778,-149.459333333333,1826.13333333333,58,17808,2144,738
"PRICE",1,6.24283018867925,-1.11830188679245,31.1320754716981,8,4198,233,63481
"Primal Carnage",3,59.950404040404,-1.70969696969697,199.626262626263,69,4447,1323,423
"Prison Architect",3,1627.46273684211,25.6641052631579,4545.82105263158,18,31687,2286,1472
"Project CARS",3,444.064210526316,1.69357894736842,1072.29473684211,45,8618,2720,232
"Project CARS 2",3,1001.72609756098,-53.6241463414634,2241.73170731707,47,4190,1747,121
"Project Zomboid",3,775.331494252874,15.8773563218391,1542.5632183908,0,17273,2606,658
"Prototype",3,59.2422330097087,-0.766893203883495,195.611650485437,0,3702,904,645
"Psychonauts",3,84.9850485436893,-2.07320388349515,272.815533980583,37,8204,456,491
"Punch Club",3,120.348870967742,0.823225806451613,421.483870967742,47,6071,1669,478
"Pyre",3,59.8839534883721,-38.9367441860465,198.186046511628,51,4306,452,257
"Quake Champions",3,867.310476190476,-13.1245238095238,2162.71428571429,52,15879,7098,754
"Quake Live",3,406.307922077922,-26.578051948052,807.090909090909,58,10227,1956,1265
"Quantum Break",3,139.170185185185,1.65851851851852,470.833333333333,42,10249,1929,331
"Rabi-Ribi",3,92.0201639344262,0.978032786885246,250.065573770492,208,6496,167,2356
"Race The Sun",3,27.9343023255814,-0.726511627906977,168.953488372093,25,5258,343,172
"Raft",3,3546.74025,202.22375,8564.925,47,11577,3177,826
"RAGE",3,222.724660194175,-8.26689320388349,669.281553398058,60,9394,2882,559
"Railway Empire",3,397.827708333333,9.29270833333334,1101.47916666667,95,2994,710,1081
"Ravenfield",3,608.739333333333,11.5815555555556,1133.68888888889,0,9119,569,2095
"Realm Grinder",3,1941.88227272727,-16.085,2637.63636363636,14,2266,463,1058
"Realm Royale",3,2073.278125,-993.6834375,4235.1875,22,17220,9825,360
"Rebel Galaxy",3,142.548529411765,0.585882352941177,450.191176470588,37,5100,881,618
"Rec Room",3,266.937857142857,20.9146428571429,582.428571428571,0,3431,225,54
"Recettear: An Item Shop's Tale",3,65.7140776699029,-4.49,204.504854368932,0,5047,183,764
"Refunct",3,9.11703125,0.1075,44.171875,10,11930,583,149
"Reign Of Kings",3,404.186901408451,-53.7902816901408,923.605633802817,0,8076,5997,3498
"Reigns",3,56.5387272727273,0.432363636363636,238.654545454545,13,4939,579,59
"Remember Me",3,65.0373469387755,0.203775510204081,244.561224489796,50,9080,1815,276
"Return of the Obra Dinn",3,136.1825,-14.3182142857143,413.607142857143,16,3960,130,160
"Reus",3,56.6915053763441,-12.0818279569892,300.150537634409,123,3569,917,1293
"rFactor 2",3,386.054603174603,6.67952380952381,920.904761904762,25,1057,227,0
"Riders of Icarus",3,899.317894736842,5.63824561403508,1728.21052631579,0,5306,2741,1859
"RIFT",3,765.83213592233,-0.847669902912622,1459.68932038835,0,6885,2326,4104
"RimWorld",3,9946.78,323.193859649123,15903.2807017544,0,38556,857,5017
"Ring of Elysium",3,6795.15896551724,-859.114137931034,15960.8965517241,0,39746,13191,736
"Rise of Nations: Extended Edition",3,536.302875,2.10425,1106.6375,38,5125,473,2379
"Rise of the Tomb Raider",3,1956.247,-147.128333333333,5347.11666666667,143,49004,3838,817
"Risen",3,104.56786407767,-0.136893203883495,312.126213592233,0,3848,585,994
"Rising Storm 2: Vietnam",3,1262.405,-74.5402272727273,2779.09090909091,132,17201,4777,1945
"Risk of Rain",3,411.047701149425,-20.2608045977011,1017.95402298851,15,22700,1589,946
"Risk of Rain 2",3,7232.14818181818,-738.88,18477.6818181818,0,17902,975,1455
"Rivals of Aether",3,232.784307692308,0.695538461538461,652.369230769231,25,4814,686,245
"Road Redemption",3,44.9396103896104,0.165844155844156,140.337662337662,55,4788,1056,13
"Robocraft",3,3402.59759493671,-95.5458227848101,7268.11392405063,43,80360,30987,1369
"Robot Roller-Derby Disco Dodgeball",3,20.3521951219512,-0.065609756097561,83.4512195121951,76,3155,259,303
"Rocket League",1,34790.8039705882,790.015735294118,70156.6470588235,88,242561,21816,5825
"Rogue Legacy",3,336.81097826087,-9.04402173913043,937.369565217391,29,13854,936,769
"Rome: Total War",3,1013.46883495146,3.97029126213592,1877.29126213592,0,7806,562,897
"RPG Maker MV",3,814.103125,0.77296875,1169.71875,0,2344,324,331
"RPG Maker VX Ace",3,334.938415841584,2.1239603960396,644.871287128713,0,3372,210,405
"RUINER",3,36.5362962962963,0.273333333333333,154.37037037037,33,5278,543,191
"RUNNING WITH RIFLES",3,108.387108433735,0.814819277108433,298.180722891566,45,5254,745,97
"Russian Fishing 4",3,2892.32375,81.4325,5230.34375,114,2103,1062,5647
"Rust",1,33245.3539534884,1262.0523255814,60146.976744186,48,220370,53709,9352
"RWBY: Grimm Eclipse",3,65.4532258064516,-5.85951612903226,225.870967741935,37,8844,1830,185
"Ryse: Son of Rome",3,144.776623376623,1.66883116883117,570.675324675325,73,14966,2939,225
"S.T.A.L.K.E.R.: Call of Pripyat",3,244.151844660194,-1.96825242718447,501.029126213592,0,10172,470,1969
"S.T.A.L.K.E.R.: Clear Sky",3,133.523106796117,0.528155339805825,297.699029126214,0,5550,903,716
"S.T.A.L.K.E.R.: Shadow of Chernobyl",3,198.664466019417,0.154466019417476,467.330097087379,0,11039,570,493
"Saints Row 2",3,178.998932038835,-1.3878640776699,488.941747572816,0,9442,2881,322
"Saints Row IV",3,1174.51222222222,-186.947777777778,4204.25555555556,73,54091,4945,1279
"Saints Row: Gat out of Hell",3,67.7782191780822,-24.1972602739726,243.780821917808,45,5203,1843,180
"Saints Row: The Third",3,1273.46427184466,-51.59,3635.92233009709,83,44810,1877,1848
"Sakura Clicker",3,254.610151515152,-60.5868181818182,368.984848484848,0,11952,2209,1055
"Sakura Spirit",3,16.0663291139241,-0.915316455696203,59.0506329113924,0,5905,1567,311
"Salt and Sanctuary",3,198.131578947368,-11.250350877193,467.789473684211,37,7173,634,623
"Sanctum 2",3,164.403333333333,-8.27870967741936,801.655913978495,50,11629,1273,293
"Savage Lands",3,49.0052054794521,0.0858904109589041,173.479452054795,20,3196,2613,234
"SCP: Secret Laboratory",3,2767.39578947368,128.287894736842,4767.76315789474,29,19534,3621,216
"Scrap Mechanic",3,1600.05065573771,25.8777049180328,3743,0,15197,2777,2355
"Scribblenauts Unlimited",3,165.017676767677,-2.23878787878788,550.89898989899,25,6661,588,630
"SCUM",3,2620.41666666667,165.745,5863.47619047619,36,15934,8556,1264
"Secret World Legends",3,377.707352941176,-0.941078431372549,916.117647058824,0,4420,2106,645
"Secrets of Grindea",3,80.1044776119403,-2.11522388059702,176.746268656716,28,3642,254,2343
"Sekiro: Shadows Die Twice",3,4891.36043478261,-2749.79260869565,11888.1304347826,34,21504,3019,2059
"Serena",1,4.11571428571429,-0.550119047619048,46.9166666666667,0,4593,1342,15924
"Serious Sam 2",3,46.862427184466,0.305339805825243,192.067961165049,0,5353,702,233
"Serious Sam 3: BFE",3,214.069902912621,-3.65281553398058,737.815533980582,62,15574,1977,378
"Serious Sam HD: The First Encounter",3,45.2984466019417,-0.0965048543689318,178.330097087379,35,3950,269,277
"Shadow of the Tomb Raider",3,2039.69066666667,45.2346666666667,5411,99,10832,4408,672
"Shadow Tactics: Blades of the Shogun",3,310.561724137931,11.1544827586207,1003.55172413793,44,9523,417,287
"Shadow Warrior",3,141.705520833333,0.419687499999999,745.885416666667,92,18716,1426,319
"Shadow Warrior 2",3,224.284166666667,2.16516666666667,856.166666666667,64,10152,1406,993
"Shadowrun Returns",3,230.779894736842,0.455684210526315,1097.66315789474,0,8676,1132,278
"Shadowrun: Dragonfall - Director's Cut",3,178.404025974026,-2.87493506493507,442.363636363636,39,3488,398,505
"Shakes and Fidget",3,1815.63220338983,-34.4716949152542,3569,0,6591,988,1752
"ShellShock Live",3,929.827746478873,8.94549295774648,2001.05633802817,58,11426,1264,1218
"Shovel Knight: Treasure Trove",3,143.4265,-7.770375,402.575,85,9334,332,501
"Shower With Your Dad Simulator 2015: Do You Still Shower With Your Dad",3,13.5956923076923,-0.997692307692308,30.1692307692308,21,8258,423,74
"Sid Meier's Civilization V",1,27884.735631068,-85.7030097087379,49278.5048543689,286,129030,5565,4760
"Sid Meier's Civilization VI",1,25842.305,-850.368076923077,46108.9423076923,307,124015,6065,4341
"Sid Meier's Civilization: Beyond Earth",3,1447.75789473684,-368.079868421053,3645.55263157895,90,9555,8224,932
"SimplePlanes",3,182.310161290323,-3.76951612903226,349.5,72,4544,474,538
"Sins of a Solar Empire: Rebellion",3,823.89359223301,-4.44203883495146,3884.44660194175,68,8642,712,507
"Slay the Spire",3,7006.3476744186,173.858372093023,11343.2325581395,43,26166,998,3034
"Sleeping Dogs: Definitive Edition",3,405.907368421053,2.44421052631579,1154.67105263158,59,15529,1904,636
"Slender: The Arrival",3,16.9521590909091,-0.187159090909091,70.1022727272727,21,4468,578,46
"Slime Rancher",3,1088.27426229508,8.65754098360656,2465.08196721311,57,24205,965,1314
"SMITE",3,9804.18446153846,122.145076923077,18411.0615384615,265,34514,8895,1954
"Sniper Elite 3",3,508.75275,-2.10625,1590.75,77,12737,3297,321
"Sniper Elite 4",3,1176.45542372881,28.1683050847458,3295.47457627119,85,10885,1910,522
"Sniper Elite: Nazi Zombie Army",3,45.3575510204082,0.0982653061224495,237.765306122449,26,3204,446,365
"SNOW",3,94.8615909090909,-0.26034090909091,268.670454545455,33,7235,3754,8180
"Soda Dungeon",3,560.7176,1.763,819.42,24,3624,240,751
"SOMA",3,109.864545454545,1.08939393939394,382.712121212121,10,16463,754,258
"Sonic Mania",3,161.486444444444,2.92444444444445,692.711111111111,18,8669,984,44
"Source Filmmaker",3,715.123106796117,7.01650485436893,1080.07766990291,0,15083,1111,239
"South Park: The Stick of Truth",3,618.135180722892,-102.651325301205,2136.0843373494,50,35896,911,1045
"Space Engineers",3,4226.03136363636,74.8479545454545,8954.79545454545,27,60221,9609,3739
"Space Rangers HD: A War Apart",3,127.333368421053,-1.79084210526316,284.410526315789,82,3313,170,0
"SpaceChem",3,36.8949514563107,-0.949029126213592,100.495145631068,20,3700,324,177
"Spec Ops: The Line",3,159.200873786408,-2.51563106796117,677.184466019418,50,32361,2613,293
"SpeedRunners",3,350.192988505747,3.20574712643678,1212.25287356322,29,20854,1455,421
"Spiral Knights",3,521.099223300971,-11.2233980582524,1004.05825242718,54,15666,3202,275
"Spooky's Jump Scare Mansion",3,36.4758571428571,-1.04042857142857,102.142857142857,0,9030,725,7131
"Squad",3,2358.49587301587,98.8647619047619,5450.03174603175,0,23539,6008,3173
"Star Conflict",3,427.756105263158,-12.7054736842105,855.978947368421,213,8647,2796,4623
"Star Trek Online",3,1557.40417475728,1.28747572815534,2980.7572815534,0,7639,2391,2514
"STAR WARS Battlefront II",3,2245.3225,60.965,5531.625,43,8504,1408,1008
"STAR WARS Republic Commando",3,63.0827184466019,0.255242718446602,184.339805825243,0,6392,379,369
"Star Wars: Battlefront 2 (Classic, 2005)",3,477.85427184466,0.776601941747573,1157.73786407767,0,29149,2425,618
"Starbound",3,3525.44127906977,-423.361627906977,8243.25581395349,51,74162,7816,3556
"Stardew Valley",3,14323.8335483871,617.807903225806,25767,40,118217,3761,2868
"SteamWorld Dig",3,27.4839534883721,-1.83139534883721,119.895348837209,24,4095,311,169
"Steel Division: Normandy 44",3,252.717234042553,2.42234042553192,659.851063829787,47,3063,1204,1545
"Steep",3,214.2894,-8.0402,695.28,0,7802,2603,724
"STEINS;GATE",3,98.957037037037,1.85222222222222,267.574074074074,42,5720,130,2628
"Stellaris",3,10480.5233333333,266.945833333333,22159.9333333333,95,35327,10036,2729
"Stick Fight: The Game",3,854.482926829268,16.8090243902439,2008.9512195122,28,24847,2795,584
"Stonehearth",3,280.525441176471,0.371470588235293,592.588235294118,0,5242,1719,644
"Stories: The Path of Destinies",3,71.4529310344828,-0.687758620689652,1536.27586206897,37,4138,609,272
"Stormworks: Build and Rescue",3,700.332888888889,36.0217777777778,1398.37777777778,0,1478,171,0
"Stranded Deep",3,408.953698630137,-22.7642465753425,851.506849315069,8,15604,5459,272
"Stream Avatars",3,273.611860465116,22.8313953488372,402.790697674419,0,101,8,0
"Street Fighter V",3,1564.498,-47.5258333333333,3168.46666666667,45,8300,8498,793
"Streets of Rogue",3,247.761960784314,6.11725490196078,654.156862745098,35,5484,269,394
"Strife",3,114.035142857143,-21.2614285714286,242.114285714286,46,3677,1197,150
"Stronghold Crusader 2",3,317.4325,5.10239583333333,854.760416666667,81,4280,2786,259
"Stronghold Crusader HD",3,395.217475728155,10.145145631068,852.019417475728,0,4079,170,247
"Stronghold Kingdoms",3,1276.75524271845,-27.2047572815534,2011.69902912621,0,4886,2609,329
"Styx: Master of Shadows",3,93.4236363636364,0.626493506493507,336.649350649351,33,4506,962,243
"Subnautica",3,2448.10542168675,36.6149397590361,5607.95180722892,17,90155,5413,1446
"Subnautica: Below Zero",3,1124.99083333333,7.28041666666668,2794.91666666667,0,4097,471,229
"Subsistence",3,240.962307692308,8.14269230769231,504.884615384615,0,2680,1130,82
"Super Animal Royale",3,321.788461538462,44.0465384615385,798.269230769231,0,1177,38,222
"Super Crate Box",3,18.609603960396,-1.5470297029703,46.9009900990099,0,5951,702,34
"Super Hexagon",3,51.3513265306122,-0.811530612244898,135.081632653061,6,19797,616,140
"Superflight",3,35.035641025641,-1.90974358974359,94.9487179487179,24,5243,193,87
"SUPERHOT",3,132.057833333333,-36.613,401.766666666667,26,14847,2202,212
"Supreme Commander 2",3,366.749223300971,-2.88300970873786,778.640776699029,47,5336,903,1834
"Supreme Commander: Forged Alliance",3,394.783106796116,3.07815533980583,841.281553398058,0,4969,174,803
"Surgeon Simulator",3,86.2547368421053,0.240947368421053,359.105263157895,123,11387,2462,266
"Survarium",3,381.632142857143,-18.7194285714286,853.528571428571,73,9985,9441,6569
"Surviving Mars",3,1031.87911111111,22.4606666666667,2995.31111111111,60,3942,1608,2454
"Sven Co-op",3,337.032459016393,-32.1867213114754,639.196721311475,0,12211,1173,407
"Sword Art Online: Fatal Bullet",3,559.197297297297,6.04945945945946,2020.16216216216,63,5654,2082,1413
"Sword With Sauce",3,29.3475510204082,0.147551020408163,72.4081632653061,0,3560,680,577
"System Shock 2",3,39.109247311828,-2.70924731182796,132.612903225806,0,4227,274,256
"Tabletop Simulator",3,2082.42756097561,92.5607317073171,5314.21951219512,27,13243,777,729
"Tactical Monsters Rumble Arena",3,252.252682926829,3.10536585365854,388.829268292683,0,3480,387,229
"Tales from the Borderlands",3,115.547297297297,-1.49716216216216,557.216216216216,35,14338,697,524
"Tales of Berseria",3,463.4962,5.7564,1168.74,51,7427,536,2398
"Tales of Zestiria",3,230.779852941176,1.13544117647059,669.382352941176,56,5300,972,1445
"Team Fortress 2",1,52956.3048543689,540.427087378641,81563.3495145631,520,515879,34036,8495
"Team Fortress Classic",3,68.5149514563107,-0.289902912621359,140.563106796117,0,3318,633,277
"Teeworlds",3,57.0325757575758,-5.86621212121212,144.893939393939,0,3104,415,112
"TEKKEN 7",3,2712.77818181818,-81.7140909090909,5078.22727272727,42,15372,3135,4367
"Terraforming Mars",3,324.608571428571,15.1339285714286,700.75,20,208,213,0
"Terraria",1,19199.0698058252,276.825145631068,37708.359223301,88,255600,7797,5585
"TerraTech",3,435.2175,6.99777777777778,951.458333333333,15,4769,1022,3140
"The Awesome Adventures of Captain Spirit",3,47.0377419354839,-14.3958064516129,164.612903225806,0,8077,667,68
"The Banner Saga",3,147.492093023256,2.68290697674419,576.372093023256,39,9750,1131,164
"The Beginner's Guide",3,14.06734375,-2.78734375,59.609375,0,12791,2036,120
"The Binding of Isaac",3,1035.76805825243,-44.6990291262136,2004.34951456311,99,43227,1923,1849
"The Binding of Isaac: Rebirth",1,6593.9592,-156.040666666667,11622.68,403,72830,1840,4583
"The Bureau: XCOM Declassified",3,93.1477777777778,-23.6191111111111,432.711111111111,41,6661,2923,201
"The Cat Lady",3,11.7427906976744,-0.291046511627907,39.0348837209302,25,3446,246,229
"The Crew",3,357.466538461538,-3.54935897435897,930.833333333333,0,9479,4636,657
"The Crew 2",3,1370.86451612903,4.9258064516129,3827.54838709677,34,4030,3916,2029
"The Darkness II",3,78.703786407767,-2.8004854368932,375.582524271845,50,11992,1234,191
"The Divine Paradox",3,72.8696,6.1086,450.38,0,6,5,436
"The Elder Scrolls Online",1,9724.1817721519,226.83164556962,17965.7088607595,0,33719,11672,10659
"The Elder Scrolls V: Skyrim",1,18808.8081553398,-177.259611650485,35635.3398058252,75,237303,14951,7089
"The Elder Scrolls V: Skyrim Special Edition",3,12791.4971698113,380.212075471698,23647.2830188679,75,47749,14719,2418
"The Elder Scrolls: Legends",3,822.199772727273,-70.7004545454545,1489.06818181818,0,5365,2099,448
"The Escapists",3,273.010125,0.704375,791.8375,37,11629,1432,826
"The Escapists 2",3,482.673023255814,11.5723255813953,1726.27906976744,58,5085,1167,674
"The Evil Within",3,208.757368421053,-18.0027631578947,488.776315789474,71,10581,2363,635
"The Evil Within 2",3,249.82175,-71.01275,610.1,51,8871,790,1299
"The Expendabros",3,100.647820512821,-10.3016666666667,225.615384615385,0,15084,425,85
"The Final Station",3,22.4051724137931,0.245862068965517,114.98275862069,23,3383,649,199
"The Flame in the Flood",3,44.8862121212121,0.28060606060606,236.378787878788,36,3612,1139,125
"The Forest",3,4335.68209876543,133.376296296296,10472.2839506173,45,110460,8881,2417
"The Incredible Adventures of Van Helsing",3,112.529032258065,-21.6013978494624,438.193548387097,95,4993,1064,572
"The Isle",3,1713.87161290323,49.9311290322581,3016.56451612903,0,7107,3219,1824
"THE KING OF FIGHTERS XIII STEAM EDITION",3,126.5482,1.973,320.73,46,4300,537,451
"The Legend of Heroes: Trails in the Sky",3,123.521772151899,-1.21379746835443,297.126582278481,27,3413,318,3755
"The Long Dark",3,1401.65493506493,21.7016883116883,3236.94805194805,40,45856,4298,760
"The Lord of the Rings Online",3,867.962427184466,-4.51601941747573,1710.81553398058,0,6860,1644,892
"The Mean Greens - Plastic Warfare",3,37.9011290322581,-2.56516129032258,186.258064516129,24,5043,1370,73
"The Plan",3,2.85130952380952,-0.90797619047619,12.3690476190476,1,19476,1644,8
"The Room",3,43.2051898734177,1.1073417721519,160.063291139241,5,10206,280,167
"The Room Two",3,42.8003636363636,0.428727272727273,136.636363636364,7,7382,176,181
"The Silent Age",3,10.5740579710145,0.0821739130434782,45.4492753623188,24,4700,320,11
"The Stanley Parable",3,128.852,0.73,521.57,10,31538,2846,170
"The Surge",3,152.671489361702,1.14659574468085,556.255319148936,67,3220,1113,422
"The Swapper",3,20.5072826086957,-1.25652173913043,87.5652173913043,10,5699,242,129
"The Talos Principle",3,265.411375,2.0085,814.2875,40,17237,785,230
"The Tiny Bang Story",3,53.5284466019417,-0.153883495145632,1795.03883495146,0,3923,567,284
"The Vanishing of Ethan Carter",3,23.3474025974026,-2.61883116883117,97.2467532467532,14,6917,849,185
"The Way of Life Free Edition",3,8.30452054794521,-0.647808219178082,27.8082191780822,0,5251,1821,13
"The Witcher 2: Assassins of Kings Enhanced Edition",3,1000.89165048544,-1.38339805825243,2588.66019417476,52,36427,4710,838
"The Witcher 3: Wild Hunt",3,14158.8605797101,-494.44884057971,30788.1739130435,78,202930,4798,3068
"The Witness",3,196.123387096774,3.12177419354839,632.516129032258,2,6572,1282,630
"The Wolf Among Us",3,156.748295454545,-4.04125,766.204545454545,35,21127,517,675
"theHunter Classic",3,726.31925,1.55,1496.3375,159,11440,15403,163
"theHunter: Call of the Wild",3,2051.6762,74.5252,5072.8,133,15716,4308,1409
"There's Poop In My Soup",3,17.8993220338983,-0.980508474576271,183.152542372881,22,3256,459,350
"They Are Billions",3,2690.50204545455,60.6781818181818,5377.88636363636,30,11377,1921,1712
"Thief",3,253.050843373494,-40.1107228915663,719.722891566265,37,10486,4326,276
"This Is the Police",3,138.738275862069,1.02586206896552,411.275862068966,10,5315,1096,198
"This War of Mine",3,967.210131578947,11.2181578947368,2733.28947368421,42,47258,2571,512
"Thomas Was Alone",3,19.8573267326733,0.0522772277227723,81.9009900990099,35,7456,438,72
"Timberman",3,15.096,-1.40276923076923,97.6769230769231,20,5139,350,245
"Time Clickers",3,655.88328358209,-43.9013432835821,917.179104477612,99,3850,494,423
"Tiny and Big: Grandpa's Leftovers",3,9.37485436893204,-0.299223300970874,54.4271844660194,53,3483,309,207
"Titan Quest Anniversary Edition",3,1108.73396226415,-50.5458490566038,2618.52830188679,88,10566,1025,739
"Titan Souls",3,18.9048684210526,0.281052631578947,84.4473684210526,27,3556,981,46
"To the Moon",3,52.3951960784314,0.56,191.43137254902,1,42115,1423,200
"Tom Clancy's Rainbow Six Siege",1,53466.0456451613,1039.37580645161,99688.4838709677,0,251178,59620,7504
"Tom Clancy's The Division",3,4240.36677966102,-1089.89898305085,10200.4745762712,0,44499,19992,5500
"Tomb Raider",3,1608.69894736842,-61.7248421052632,5327.21052631579,50,93509,4103,527
"Torchlight",3,81.7282524271845,-11.0231067961165,193.990291262136,66,3825,317,1108
"Torchlight II",3,1348.12247524752,-262.842277227723,3442.41584158416,119,29539,1757,1037
"Toribash",3,208.56049382716,-12.701975308642,431.135802469136,24,11143,1563,130
"Total War: ATTILA",3,3069.55097222222,-167.274583333333,6040.75,118,12297,4469,2147
"Total War: EMPIRE - Definitive Edition",3,3091.99388349515,-20.0485436893204,5836.69902912621,30,14928,1719,3176
"Total War: MEDIEVAL II - Definitive Edition",3,2280.1413592233,23.8087378640777,4066.52427184466,0,10270,605,469
"Total War: NAPOLEON - Definitive Edition",3,1407.78475728155,-6.56660194174757,2800.14563106796,71,8540,907,1251
"Total War: ROME II - Emperor Edition",3,7399.00494382022,-328.515056179775,14433.0337078652,188,31864,13423,5760
"Total War: THREE KINGDOMS",3,14902.2795454545,345.276818181818,31612.5,137,3386,2579,279
"Total War: WARHAMMER",3,4646.21228070175,-697.387368421053,10101.649122807,185,29826,9878,3610
"Total War: WARHAMMER II",3,16243.0482608696,617.612608695652,32748.1739130435,134,19420,2994,4721
"Totally Accurate Battle Simulator",3,1176.00833333333,61.5511904761905,2549.5,0,3109,295,297
"Totally Accurate Battlegrounds",3,184.5796875,-176.7534375,463.75,0,20961,4890,478
"Touhou Luna Nights",3,59.0046666666667,1.22133333333333,245,0,3199,75,158
"Tower Unite",3,223.570166666667,6.78666666666667,537.9,354,5275,968,1326
"Town of Salem",3,825.203513513513,5.33189189189189,1515.82432432432,361,13329,2112,2101
"TOXIKK",3,19.937397260274,-0.853835616438356,73.1917808219178,60,3865,1182,50
"TrackMania Nations Forever",3,244.768834951456,1.78067961165049,537.320388349515,0,8252,1244,902
"Trailmakers",3,179.039565217391,12.7352173913043,482.45652173913,0,990,308,112
"Transformice",3,966.838219178082,22.0758904109589,1904.01369863014,14,11701,2227,320
"Transistor",3,102.621111111111,-24.4639506172839,359.111111111111,33,22158,1162,353
"Transmissions: Element 120",3,21.8710714285714,-5.95285714285714,59.4285714285714,11,7916,501,84
"Transport Fever",3,1246.81964912281,6.54315789473684,2843,53,4418,1266,849
"Tree of Life",3,142.250289855072,-2.24188405797101,365.188405797101,0,4433,2203,4866
"Tree of Savior (English Ver.)",3,3259.04474576271,-5.88728813559322,5531.27118644068,0,9323,5897,2119
"Tribes: Ascend",3,141.801553398058,-19.5805825242718,290.349514563107,0,6470,1738,128
"Tricky Towers",3,119.428727272727,2.42636363636364,376,29,3449,378,570
"Tricolour Lovestory",3,143.343414634146,-9.35365853658537,462.80487804878,70,11387,1121,486
"Trine 3: The Artifacts of Power",3,37.7608571428571,-0.643857142857143,124.514285714286,28,3619,1819,449
"Tropico 4",3,461.291553398058,-10.5742718446602,1344.55339805825,70,8740,827,518
"Tropico 5",3,628.889756097561,2.96926829268293,1916.14634146341,70,7878,2482,292
"Tropico 6",3,956.809642857143,36.9960714285714,2517.5,40,3778,664,1345
"Trove",3,4566.72691176471,27.1279411764706,8627.64705882353,16,47897,13708,2602
"Turbo Dismount",3,58.8727058823529,-0.711764705882353,143.129411764706,23,3800,346,295
"Turmoil",3,193.645797101449,3.35913043478261,636.420289855072,31,3154,359,278
"Two Point Hospital",3,1575.5815625,32.5046875,5323.03125,31,6432,1264,1617
"Tyranny",3,305.002203389831,3.20016949152543,1054.91525423729,70,6121,1001,1570
"Ultimate Chicken Horse",3,261.001538461538,8.88123076923077,735.476923076923,31,7908,451,622
"Ultimate Custom Night",3,341.207741935484,-72.3887096774194,686.032258064516,0,7723,429,128
"Ultimate Epic Battle Simulator",3,144.581956521739,-0.914782608695653,579.369565217391,0,2813,1349,677
"Ultra Street Fighter IV",3,439.472330097087,-2.81650485436893,846.52427184466,67,8247,1141,835
"Undertale",3,1439.80723076923,5.46384615384615,2762.90769230769,0,97832,4496,679
"Unheard",3,180.06,-9.15227272727273,790,10,5222,288,98
"Unturned",3,17294.65825,294.395125,31139.8375,46,292574,31482,3248
"VA-11 Hall-A: Cyberpunk Bartender Action",3,135.204642857143,-0.170178571428572,371.767857142857,34,12348,294,746
"Valkyria Chronicles",3,217.665466666667,-24.2582666666667,567.373333333333,20,8862,838,892
"Valley",3,16.0066666666667,0.0875438596491227,70.1929824561404,30,4036,385,47
"Vampire: The Masquerade - Bloodlines",3,104.805048543689,-1.17359223300971,283.864077669903,0,6161,362,350
"Vampyr",3,292.926428571429,4.53833333333333,1048.69047619048,28,4580,1717,794
"Verdun",3,238.019438202247,1.03348314606742,813.224719101124,58,22048,4418,3846
"Victoria II",3,566.17359223301,9.09970873786408,1099.50485436893,0,4743,632,2580
"Vindictus",3,433.748155339806,-11.8288349514563,953.417475728155,0,3646,1460,408
"Viridi",3,59.7974242424242,-7.19409090909091,107.090909090909,47,5524,575,12
"Viscera Cleanup Detail",3,155.514756097561,0.856707317073171,374.146341463415,85,6753,580,589
"Viscera Cleanup Detail: Santa's Rampage",3,25.488488372093,-3.06697674418605,80.9767441860465,13,3645,395,140
"VRChat",3,6343.98081632653,299.218979591837,10443.8163265306,0,25818,3323,1351
"VVVVVV",3,17.6168932038835,-0.289126213592233,69.873786407767,19,6719,268,76
"WAKFU",3,594.146623376623,-25.6819480519481,1121.44155844156,146,4413,1335,2258
"Wallpaper Engine",3,14407.1213207547,781.911320754717,22948.2641509434,17,63623,1947,1731
"War for the Overworld",3,108.765806451613,0.691827956989248,345.451612903226,141,3948,753,471
"War Robots",3,514.219142857143,25.3391428571429,835,0,756,929,32
"War Thunder",3,11958.830106383,304.281595744681,22153.2234042553,46,83852,22166,4200
"Warface",3,2617.46164556962,-21.5748101265823,4825.18987341772,30,32751,14409,949
"Warframe",1,33135.1970103093,404.22618556701,58536.0927835052,187,226541,20268,5845
"Wargame: Red Dragon",3,858.999518072289,-1.0966265060241,1680.73493975904,0,7949,1137,1702
"Warhammer 40,000: Dawn of War - Game of the Year Edition",3,99.1429126213592,0.43990291262136,294.407766990291,0,3485,206,309
"Warhammer 40,000: Dawn of War - Soulstorm",3,538.401262135922,5.47631067961165,1057.22330097087,0,4887,286,1433
"Warhammer 40,000: Dawn of War II",3,296.932815533981,-4.70359223300971,744.368932038835,73,5626,755,628
"Warhammer 40,000: Dawn of War III",3,302.139122807018,2.68894736842106,1351.71929824561,84,6793,8336,704
"Warhammer 40,000: Eternal Crusade",3,204.457540983607,-7.04344262295082,583.590163934426,67,5439,5580,495
"Warhammer 40,000: Inquisitor - Martyr",3,441.640697674419,6.61093023255814,1339.44186046512,14,3372,1931,1034
"Warhammer 40,000: Space Marine",3,178.436796116505,-6.97970873786408,674.543689320388,60,9847,998,712
"Warhammer: End Times - Vermintide",3,434.037415730337,0.796516853932584,1489.48314606742,108,13905,3560,1200
"Warhammer: Vermintide 2",3,4061.93609756098,94.1887804878049,9899.09756097561,26,21509,7336,2025
"WARMODE",3,114.572878787879,-23.3192424242424,292.984848484848,0,8983,6166,75
"Watch_Dogs",3,476.981219512195,2.62756097560976,1923.57317073171,0,15159,7383,1176
"Watch_Dogs 2",3,1093.3636,-97.7444,3216.2,0,20905,5366,1231
"We Happy Few",3,110.140517241379,3.42724137931035,369.879310344828,50,3130,1333,308
"We Were Here",3,100.496530612245,4.12367346938775,326.918367346939,26,8538,701,115
"What Remains of Edith Finch",3,35.5312,0.9128,132.12,9,10573,506,130
"Will To Live Online",3,610.56,45.5321052631579,1113.15789473684,51,1061,427,2951
"Wizard of Legend",3,287.811923076923,3.59288461538461,615.980769230769,19,3990,535,386
"Wolcen: Lords of Mayhem",3,983.186779661017,11.4008474576271,3744.52542372881,0,2787,1306,2766
"Wolfenstein II: The New Colossus",3,588.67725,-191.584,1417.925,80,11732,4461,921
"Wolfenstein: The New Order",3,673.617901234568,-71.8983950617284,1775.97530864198,50,26727,3011,539
"Woodle Tree Adventures",3,19.900875,-0.103375,321.6375,8,3824,1878,189
"Workers & Resources: Soviet Republic",3,782.32652173913,-25.4626086956522,1601.34782608696,0,1369,311,0
"World of Goo",3,19.2546601941748,-0.647961165048544,90.2330097087379,8,3455,237,194
"World of Guns: Gun Disassembly",3,184.993456790123,-0.211358024691358,359.617283950617,42,11178,2300,99
"World of Warships",3,5612.8175,289.32525,18971.25,44,9386,3667,341
"World War 3",3,124.973214285714,-135.648928571429,402.75,0,8525,5015,364
"Worm.is: The Game",3,89.1108771929825,-26.7238596491228,199.701754385965,0,3550,879,68
"Worms Armageddon",3,106.328039215686,2.08147058823529,321.225490196078,0,3517,231,246
"Worms Revolution",3,138.3725,-4.6553,558.98,34,3922,686,445
"Wreckfest",3,256.05193877551,9.65448979591837,766.714285714286,0,8834,2486,778
"X-Plane 11",1,1079.84208333333,33.8779166666667,1940.91666666667,0,2033,443,44169
"X4: Foundations",3,1016.79666666667,38.3236363636363,2091.09090909091,44,3557,1714,873
"XCOM 2",3,5109.854,-583.212833333333,11015.45,88,28774,7018,1891
"XCOM: Enemy Unknown",3,2536.6723,-193.2859,5923.44,85,36630,2072,1470
"Yakuza 0",3,1187.374,-69.803,2287.86666666667,55,9023,1343,1255
"Yet Another Zombie Defense",3,46.1221951219512,-0.207195121951218,983.158536585366,18,9900,1529,192
"Youtubers Life",3,265.903859649123,-25.290701754386,636.070175438596,54,6483,2590,1394
"Yu-Gi-Oh! Duel Links",3,7366.87871794872,-24.9112820512821,11242.7435897436,20,7969,2563,864
"Z1 Battle Royale",3,13731.5493333333,-230.841833333333,27242.6666666667,0,111434,91664,3142
"Zombie Army Trilogy",3,163.877464788732,-2.68394366197183,618.661971830986,68,8472,1330,400
"Zombie Panic! Source",3,106.369708737864,-4.15631067961165,218.21359223301,106,5267,914,948
"Zup!",3,7.16134615384615,-0.659038461538462,45.0769230769231,118,5810,366,237
"Zup! 2",3,6.6932,-0.8974,43.84,229,4550,224,237
"Zup! 3",1,8.24938775510204,-1.74918367346939,65.6326530612245,1708,3486,491,246
