"","multi.km$cluster","avg","gain","peak","achievements","positive_ratings","negative_ratings","average_playtime"
"100% Orange Juice",6,205.980120481928,3.35602409638554,577.578313253012,152,10605,794,1678
"7 Days to Die",3,9498.89255813953,222.675,17396.1744186047,43,60718,16905,2953
"Age of Empires II: Definitive Edition",6,14660.456,293.088666666667,27109.6,154,58190,4112,1604
"Age of Empires III: Definitive Edition",3,3586.335,-1122.3825,7195.5,42,9154,1801,902
"Age of Mythology: Extended Edition",3,1070.27012195122,21.7120731707317,2500.5,70,9336,1577,668
"Age of Wonders III",3,707.008265306122,4.80979591836735,1914.10204081633,74,4479,1132,984
"AirMech Strike",3,157.142718446602,0.33504854368932,359.242718446602,91,7640,1440,441
"Alien Swarm",3,124.42145631068,-3.02728155339806,406.038834951456,66,17435,941,371
"Alien Swarm: Reactive Drop",6,297.102857142857,5.96979591836735,861.510204081633,143,7629,527,117
"Aliens vs. Predator",3,103.099223300971,-1.27757281553398,284.223300970874,50,9448,1186,170
"America's Army: Proving Grounds",3,504.498202247191,-11.6596629213483,994.393258426966,98,6413,1902,89
"Anno 2070",3,431.495339805825,-13.8598058252427,1331.15533980583,0,5653,3686,879
"APB Reloaded",3,1346.5186407767,-20.638640776699,2497.11650485437,60,20028,11779,3835
"Apex Legends",1,85739.71,15341.7966666667,146267.666666667,12,165549,16372,22494
"Aragami",3,54.3344827586207,0.785689655172414,216.672413793103,51,3815,458,199
"ArcheAge",3,864.509230769231,-23.3430769230769,1500.84615384615,0,3195,3033,2107
"Argo",3,150.3468,0.174799999999999,402.5,0,4438,4973,182
"Arizona Sunshine",3,105.187313432836,1.8555223880597,309.432835820896,42,3164,550,128
"ARK: Survival Evolved",5,42760.0663768116,895.366666666667,73980.3043478261,32,145035,66603,14154
"Arma 2: Operation Arrowhead",3,2804.5740776699,-31.3826213592233,5514.06796116505,0,17683,1519,8488
"Arma 3",5,15452.4507368421,107.269157894737,32066.9263157895,104,105034,12524,18823
"Assassin's Creed Revelations",3,172.388349514563,-11.0470873786408,422.864077669903,0,5912,1055,1153
"Assassin's Creed Unity",3,485.3168,-24.7642666666667,1355.25333333333,0,12350,7354,1686
"Atlas Reactor",3,202.355818181818,-1.828,460.472727272727,121,3992,890,1240
"Avorion",3,681.174897959184,6.79938775510204,1323.55102040816,55,3190,398,3584
"Baldur's Gate II: Enhanced Edition",3,398.310574712644,-5.32804597701149,773.298850574713,93,2600,423,1163
"Baldur's Gate: Enhanced Edition",3,469.857551020408,5.7369387755102,1032.38775510204,129,4148,688,569
"Ballistic Overkill",3,64.8875362318841,0.350434782608696,183.173913043478,45,4645,1475,869
"BATTALION 1944",3,220.868039215686,0.0566666666666714,904.450980392157,0,3869,3623,639
"BattleBlock Theater",3,477.305061728395,-6.72876543209876,1761.71604938272,30,47342,1290,774
"Battlefield 4 ",3,1213.895,153.175,3039.75,67,8504,1408,1200
"Battlefield V",3,2700.08625,688.1975,7694.125,21,10145,7514,1008
"Battlefield: Bad Company 2",3,443.303689320388,-6.18747572815534,1168.15533980583,0,23093,3877,1200
"Battlerite",3,2142.39056603774,-95.0949056603773,5321.01886792453,0,41080,8013,1614
"BATTLETECH",6,3008.72351351351,52.0743243243243,5930.32432432432,128,8238,2953,1641
"Beasts of Bermuda",3,582.639615384615,30.0511538461538,1004.5,0,311,171,0
"Besiege",3,669.8575,-44.5134722222222,1539.27777777778,26,25880,1364,644
"Binary Domain",3,22.1744660194175,-0.540097087378641,80.2427184466019,49,4416,742,639
"Black Mesa",3,380.389275362319,3.36405797101449,990.333333333333,25,14113,999,715
"Black Squad",3,4153.72422222222,31.9773333333333,7352.97777777778,36,33695,11081,1835
"Blackwake",3,214.5538,1.7908,879.92,0,9352,1367,396
"Blade Symphony",3,26.2393939393939,0.0241414141414139,136.656565656566,26,3129,1537,413
"Bless Online",3,671.647857142857,0.0232142857142653,1879.39285714286,55,3960,5806,5598
"Block N Load",3,366.373733333333,0.293199999999999,949.986666666667,66,10856,3196,347
"Blockland",3,80.8588372093023,-3.63581395348837,216.453488372093,11,3706,1444,625
"Blockstorm",3,35.6125,-0.25225,187.0125,131,5363,1298,253
"Blood and Bacon",3,69.258,0.311666666666667,184.25,36,16822,995,1203
"Blood Bowl 2",3,362.943218390805,7.36241379310345,941.298850574713,31,2734,1085,1433
"Boring Man - Online Tactical Stickman Combat",5,58.5569444444444,-5.22555555555556,132.875,35,3613,617,12984
"Brawlhalla",3,6486.34280487805,206.65512195122,12183.7317073171,39,73268,14489,724
"BRINK",3,29.9402912621359,-1.34805825242718,95.9611650485437,43,3493,2331,181
"Broforce",3,361.840731707317,-1.00975609756098,994.280487804878,17,31033,1059,498
"Burnout Paradise: The Ultimate Box",3,137.700873786408,-1.29563106796116,405.961165048544,0,9739,1487,431
"Call of Duty 4: Modern Warfare",3,249.180582524272,0.407961165048544,521.106796116505,0,8725,821,1417
"Call of Duty: Black Ops",3,560.785339805825,-9.88339805825243,1139.95145631068,68,14201,1839,2672
"Call of Duty: Black Ops II",3,389.633535353535,-53.9937373737374,887.606060606061,35,25827,4658,524
"Call of Duty: Black Ops III",6,3810.07936507937,-360.052857142857,8301.07936507937,98,36255,23157,4925
"Call of Duty: Ghosts",3,181.185862068966,-30.6172413793103,439.597701149425,40,14892,10757,266
"Call of Duty: Modern Warfare 2",3,568.455145631068,-7.17669902912621,1151.2427184466,50,30006,2826,999
"Call of Duty: World at War",3,981.388640776699,4.92699029126214,1895.94174757282,0,19595,1483,2331
"Call of Duty: WWII",3,411.383846153846,-98.5258974358974,1001.84615384615,35,10753,8288,309
"Call to Arms",3,185.342777777778,4.48458333333333,450.652777777778,84,5787,2144,2550
"Card Hunter",3,161.507164179104,-23.1550746268657,297.835820895522,50,3146,499,655
"CarX Drift Racing Online",3,371.174651162791,41.9120930232558,770.953488372093,36,3048,374,608
"Castle Crashers",3,650.9169,5.23560000000001,2181.93,12,50273,2063,1094
"CastleMiner Z",3,44.9753571428571,-0.307619047619048,123.571428571429,31,4478,1831,192
"Chivalry: Medieval Warfare",3,1237.59544554455,1.44326732673267,3903.47524752475,49,51499,10939,675
"Clone Drone in the Danger Zone",3,171.14170212766,4.03829787234042,385.297872340426,10,1882,108,296
"Comedy Night",3,56.0302380952381,-1.67238095238095,173.928571428571,0,4195,1280,256
"Company of Heroes - Legacy Edition",3,165.617572815534,-6.65436893203883,379.067961165049,0,4772,320,175
"Company of Heroes 2",6,4544.715,-26.6544565217391,10881.8043478261,452,32548,12038,1846
"Conan Exiles",3,6355.58910714286,161.659642857143,13367.6607142857,25,22001,9594,4431
"Contagion",3,102.415568181818,-6.30136363636364,493.443181818182,36,9087,3585,366
"Cossacks 3",3,629.079814814815,13.6725925925926,1632.83333333333,103,4298,1432,596
"Counter-Strike",5,15330.7557281553,-214.057087378641,28079.6310679612,0,124534,3339,17612
"Counter-Strike: Condition Zero",3,730.04213592233,-13.7426213592233,1392.19417475728,0,12120,1439,427
"Counter-Strike: Global Offensive",2,311632.336601942,7185.24922330097,549624.815533981,167,2644404,402313,22494
"Counter-Strike: Source",6,8568.55582524272,-231.653495145631,16400.6699029126,147,76640,3497,6842
"Craft The World",3,450.342068965517,2.7348275862069,1111.11494252874,75,6946,984,1891
"Creativerse",3,888.850256410256,3.67653846153846,1825.24358974359,0,19114,4911,3292
"Crossout",6,2644.18981481481,55.4822222222222,5160.7962962963,176,12372,6196,864
"Crusader Kings II",6,4403.14368932039,12.0611650485437,9460.8932038835,161,31668,4187,1366
"Crusader Kings III",5,13918.982,-7618.448,26298.8,66,29485,4215,1366
"Dark and Light",3,618.9784,3.6184,1370.02,29,4610,3949,1062
"DARK SOULS II",3,1623.11409638554,3.06144578313251,4217.19277108434,38,30008,3799,2377
"DARK SOULS II: Scholar of the First Sin",3,2170.64585714286,-50.1771428571429,4054.42857142857,38,25959,4289,3189
"DARK SOULS III",3,9272.46034482759,-1091.04620689655,17834.6551724138,43,100412,9953,4222
"DARK SOULS: REMASTERED",3,1593.32090909091,-429.080606060606,2967.87878787879,41,8669,4014,1160
"Darwin Project",3,344.829189189189,-7.53567567567567,1180.97297297297,0,9663,2267,160
"Day of Defeat",3,165.315145631068,-2.12514563106796,304.650485436893,0,3416,398,187
"Day of Defeat: Source",3,677.769708737864,-8.93669902912621,1437.84466019417,54,10489,1210,1356
"DayZ",5,8097.25643564356,220.043861386139,16341.8118811881,0,118435,77169,7235
"DC Universe Online",6,744.222038834951,-14.7387378640777,1302.15533980583,169,10138,2654,2990
"DCS World Steam Edition",3,358.300666666667,11.7904444444444,690.611111111111,0,5083,1534,2343
"Dead by Daylight",6,20919.9805357143,430.369107142857,41349.8571428571,128,140721,44985,5904
"Dead Frontier 2",3,491.322333333333,20.5033333333333,1075.86666666667,0,4814,2179,0
"Dead Island Definitive Edition",3,196.090701754386,4.96,652.877192982456,57,3513,1415,1725
"Dead Space 2",3,104.932718446602,-1.48165048543689,262.679611650485,0,8943,493,292
"Deceit",3,1251.57566037736,13.7222641509434,2706.49056603774,14,18666,6032,469
"Deep Rock Galactic",3,2019.1086,182.5016,5499.48,0,10254,838,3350
"Defiance",3,517.938585858586,0.355959595959596,1208.85858585859,0,9150,2808,953
"Depth",3,257.301428571429,1.76220779220779,1020.88311688312,40,22385,3472,791
"Destiny 2",5,69393.380625,-6619.610625,129516,0,1504,1489,280
"Deus Ex: Game of the Year Edition",3,63.9303883495146,-0.443592233009709,152.611650485437,0,6242,347,324
"Digimon Masters Online",3,819.178076923077,15.6907692307692,1349.75,0,2836,1350,447
"Dino D-Day",3,51.0106796116505,-0.172233009708738,307.864077669903,77,12222,2367,172
"DiRT 4",3,261.531224489796,7.55897959183674,715.959183673469,48,3779,1923,873
"DiRT Rally",6,546.829275362319,-4.88521739130435,1765.3768115942,170,17632,2496,488
"DiRT Rally 2.0",3,916.499565217391,30.0913043478261,1979.13043478261,54,1017,670,104
"Dirty Bomb",3,1419.60828571429,1.82771428571428,2734.01428571429,77,43743,10891,715
"Distance",3,30.5055405405405,-0.562432432432432,99.6891891891892,31,3989,279,887
"Don't Starve Together",3,8625.8195945946,142.956351351351,19318.8243243243,0,108601,4206,1070
"DOOM",3,1855.47403508772,-210.179649122807,4392.70175438596,54,68536,5156,751
"Dota 2",2,457625.24592233,3418.55378640777,790969.223300971,0,863507,142079,23944
"Double Action: Boogaloo",3,49.1264473684211,-5.92039473684211,122.526315789474,14,9252,786,5852
"DRAGON BALL FighterZ",3,1655.80432432432,-447.21027027027,3894.24324324324,35,10441,2264,3020
"DRAGON BALL XENOVERSE",3,431.577763157895,0.598289473684207,1457.03947368421,50,12601,1680,2575
"DRAGON BALL XENOVERSE 2",3,1002.15705882353,-66.4745098039216,2206.6862745098,61,9531,2495,3194
"Duck Game",3,353.171805555556,7.36805555555556,930.694444444444,18,16769,755,607
"Duke Nukem Forever",3,54.946213592233,-1.59300970873786,145.679611650485,62,4433,2243,434
"Dungeon Defenders",3,601.824174757282,-57.1835922330097,1419.00970873786,114,10693,932,1993
"Dungeon Defenders II",3,779.998488372093,5.23406976744187,1858.45348837209,18,10766,3802,523
"Dungeon of the Endless",3,185.859069767442,0.22313953488372,621.860465116279,33,7423,1046,648
"Dungeons 3",3,262.43,3.92666666666667,847.104166666667,60,8974,528,559
"Dying Light",3,4433.26902777778,-72.2354166666667,11740.1111111111,68,78192,6176,2033
"E.Y.E: Divine Cybermancy",3,39.3891262135922,-1.91291262135922,147.601941747573,100,4459,906,413
"EA SPORTS FIFA 21 ",3,16246.71,1095.42,30965.25,36,16481,5418,8405
"Eco",3,780.325609756098,72.0636585365854,1819.63414634146,0,1875,639,2197
"Elite Dangerous",3,4881.32642857143,55.2447142857143,9902.64285714286,0,26143,11006,4545
"Elsword",3,461.835934065934,-12.7565934065934,955.582417582418,0,4755,1511,796
"Empyrion - Galactic Survival",3,1788.89313432836,32.9692537313433,3617.85074626866,0,11061,2777,495
"Endless Legend",6,735.025,-2.45829268292683,2152.84146341463,139,10015,2107,1045
"Europa Universalis IV",6,9618.25936170213,169.034680851064,18277.670212766,295,40346,8254,8138
"F.E.A.R. 2: Project Origin",3,53.5294174757282,-0.797281553398058,133.145631067961,0,3274,509,301
"F.E.A.R. 3",3,82.6731067961165,-3.92495145631068,252.135922330097,50,5349,2030,310
"F1 2012",3,216.038811881188,-12.1111881188119,571.910891089109,49,1447,176,1623
"F1 2014",3,99.0394845360825,0.537731958762887,283.659793814433,49,1113,317,1508
"F1 2015",3,181.148,0.387999999999999,1775.32857142857,45,3834,2720,305
"F1 2016",3,325.920178571429,0.371071428571429,951.107142857143,49,3237,612,1397
"F1 2017",3,546.963571428571,-89.9647619047619,1510.09523809524,50,3375,685,1164
"F1 2018",3,914.961,-135.586666666667,2396.03333333333,50,2491,630,3824
"Factorio",5,8016.09583333333,183.633333333333,14459.1666666667,38,47918,723,10087
"Faeria",3,245.166440677966,-2.20525423728813,529.152542372881,59,4683,882,2201
"Far Cry 4",3,1160.63337662338,9.91324675324676,2922.31168831169,0,17082,4740,1062
"Far Cry 5",3,3652.25970588235,-727.407352941177,8814.47058823529,0,23373,11081,1869
"Farm Together",3,1126.46055555556,35.4813888888889,2161.02777777778,45,4022,407,35
"Farming Simulator 15",3,1288.68948717949,2.14153846153847,3060.32051282051,16,10219,1066,1902
"Farming Simulator 17",3,3561.68109090909,16.4905454545455,8088.36363636364,17,11211,1025,4377
"Farming Simulator 19",3,12593.7255555556,-206.511851851852,26763.7407407407,23,5738,1708,1164
"Feed and Grow: Fish",3,234.981147540984,8.66639344262295,413.016393442623,19,1341,550,197
"FINAL FANTASY XIV Online",5,8003.86416666667,182.200833333333,13911.7142857143,0,9808,2107,28897
"FINAL FANTASY XV WINDOWS EDITION",3,1343.53357142857,17.9059523809524,3213.07142857143,97,13789,4046,851
"Fishing Planet",3,1300.74060606061,-3.47727272727273,2470.25757575758,0,10585,3330,196
"Fistful of Frags",3,296.601234567901,-14.676049382716,590.987654320988,17,23803,2399,3079
"Football Manager 2018",5,13760.9256410256,-772.588974358974,24188.4615384615,77,4399,2466,19379
"Football Manager 2020",5,48717.0966666667,-736.804,87148,77,4105,2040,18644
"Football Manager 2021",6,53707.3066666667,4970.84666666667,91653,77,3510,1541,5941
"For The King",3,684.448979591837,69.480612244898,1939.67346938776,72,4790,920,1536
"Foxhole",3,446.385111111111,12.396,1188.13333333333,0,6075,1546,928
"Friday the 13th: The Game",3,769.937192982456,10.8240350877193,2080.98245614035,53,19663,8304,4823
"Galactic Civilizations III",3,519.174268292683,4.55256097560976,1197.10975609756,98,6051,1891,199
"Gang Beasts",3,225.95038961039,4.12155844155844,598.064935064935,19,13439,5880,681
"Garry's Mod",5,26353.0160194175,191.993398058252,48811.0970873786,29,363721,16433,12422
"Gear Up",3,68.7288235294118,0.0378431372549022,189.323529411765,27,6383,2225,139
"Governor of Poker 3",3,433.172333333333,4.997,778.233333333333,32,2163,866,1848
"Grand Theft Auto V",5,62180.5165714286,-1458.09114285714,122085.628571429,77,329061,139308,9837
"GRAV",3,62.7068493150685,-9.29178082191781,227.753424657534,0,3484,3010,509
"Gremlins, Inc.",3,133.72015625,2.41859375,493.25,100,3232,550,193
"GRID 2",3,322.156413043478,-17.3060869565217,1263.52173913043,60,11953,3009,340
"GRID Autosport",3,168.419024390244,0.483536585365854,485.19512195122,60,4969,1610,228
"Grim Dawn",6,3089.56781609195,50.3162068965517,7009.31034482759,178,26805,2605,3651
"Guns of Icarus Online",4,196.166274509804,-0.143529411764705,1839.55882352941,849,12932,1276,275
"GunZ 2: The Second Duel",6,170.64380952381,-59.0846428571429,331.428571428571,183,6865,3424,450
"Half-Life",3,401.323689320388,2.50495145631068,959.961165048544,0,27755,1100,1300
"Half-Life 2: Deathmatch",3,224.30359223301,-3.44300970873786,447.932038834951,0,6020,787,311
"Half-Life: Opposing Force",3,73.7039805825243,0.258834951456311,161.582524271845,0,5250,288,624
"Hammerwatch",3,85.2841111111111,-4.88133333333333,334.955555555556,38,5092,566,288
"Hearts of Iron III",3,287.162718446602,-0.909417475728155,570.155339805825,0,3298,992,809
"Hearts of Iron IV",6,13916.7853448276,421.971206896552,25175.3620689655,92,34711,5251,9413
"Hero Siege",3,384.384166666667,3.28869047619048,1146.39285714286,57,14929,4023,803
"Heroes & Generals",3,3385.20376344086,28.3584946236559,6941.89247311828,0,65856,34416,1752
"Heroes of Might & Magic III - HD Edition",3,814.408888888889,2.80763888888889,1702.63888888889,13,4673,2161,1854
"Homefront",3,61.0963106796116,-1.57135922330097,225.718446601942,47,5506,3685,1772
"Homeworld Remastered Collection",3,266.912054794521,2.44767123287671,936.547945205479,34,5377,827,353
"How to Survive",3,135.938863636364,-12.2109090909091,683.636363636364,43,12965,2751,333
"How to Survive 2",3,175.065846153846,0.717692307692306,609.492307692308,49,5823,2471,409
"Hunt: Showdown",3,3438.77425,199.6135,8194.975,37,57015,11148,1101
"Hurtworld",3,1069.17274193548,-100.609193548387,2444.6935483871,0,15574,5362,5439
"ibb & obb",3,30.9341975308642,0.643703703703704,121.296296296296,10,3125,211,255
"Imperator: Rome",3,966.627142857143,-73.4385714285714,2439.28571428571,72,14561,12411,1204
"Injustice 2",3,304.872307692308,-13.3928205128205,699.641025641026,74,3673,938,103
"Injustice: Gods Among Us Ultimate Edition",3,164.580326086957,0.941630434782608,642.79347826087,50,8793,1473,288
"Insurgency",3,1635.9379,9.02430000000001,4601.1,100,92355,9570,712
"Insurgency: Sandstorm",3,2341.40230769231,-23.0853846153846,5170.76923076923,37,12858,3933,1425
"Just Cause 2: Multiplayer Mod",3,215.523372093023,-23.9343023255814,741.988372093023,20,12261,1099,431
"Killing Floor",6,1171.4167961165,-30.9065048543689,2707.3786407767,285,53710,2649,1328
"Killing Floor 2",6,3493.99752808989,37.2557303370787,8566.7191011236,257,60917,8354,2967
"King Arthur's Gold",3,65.1441379310345,-4.53551724137931,168.275862068966,64,3127,643,384
"Knight Online",3,2672.40049180328,-53.0934426229508,3833.24590163934,0,3704,4187,113
"Left 4 Dead",3,461.660097087379,-7.09504854368932,1017.19417475728,73,17951,948,897
"Left 4 Dead 2",3,10380.3737864078,43.0231067961165,23552.5436893204,70,251789,8418,1615
"Lethal League",3,51.3412820512821,-1.37217948717949,217.282051282051,23,5196,346,258
"Life is Feudal: Your Own",6,926.243896103896,-15.9692207792208,1930.93506493506,150,6167,3395,3497
"Line of Sight",6,207.807962962963,0.897407407407406,420.203703703704,408,4562,3397,161
"Magic Duels",3,1445.37787878788,-94.1801515151515,2240.84848484848,49,16599,6912,1854
"Magicite",3,95.1777380952381,-0.907023809523809,291.47619047619,0,5488,936,450
"Magicka",3,293.527087378641,-13.3428155339806,1139.84466019417,88,20912,1964,589
"Magicka 2",3,112.180441176471,-1.72397058823529,452.235294117647,47,4873,1382,198
"MapleStory",3,855.852843137255,10.8102941176471,1569.74509803922,0,3629,1711,71
"MapleStory 2",3,1095.41571428571,-721.874285714286,2177.32142857143,0,5143,1750,1273
"Max Payne 3",3,315.676990291262,-12.1035922330097,963.796116504854,67,21581,4374,464
"Medieval Engineers",5,143.648472222222,-6.91930555555556,362.138888888889,0,3233,1376,11517
"Men of War: Assault Squad 2",6,1236.868,21.5358823529412,2570.81176470588,490,11389,2025,4678
"METAL GEAR SOLID V: THE PHANTOM PAIN",3,2526.92692307692,-633.429230769231,4739.50769230769,42,38643,4954,3007
"METAL SLUG 3",3,27.4783333333333,-1.72678571428571,117.690476190476,30,5229,553,212
"Metin2",3,720.366666666667,-59.3662222222222,1353.2,0,4526,2741,2225
"Microsoft Flight Simulator X: Steam Edition",3,2194.62405405405,6.69513513513514,3776.75675675676,0,8859,2282,991
"Minion Masters",3,765.206538461538,21.1303846153846,2179.51923076923,38,13269,1687,381
"Miscreated",3,594.0228,2.7124,1317.85333333333,29,17255,7903,619
"Mitos.is: The Game",3,421.91696969697,-7.09924242424242,878.651515151515,0,9463,2158,268
"Monster Hunter: World",5,41580.883,-5479.529,101734.566666667,100,158413,23404,20814
"Moonbase Alpha",3,26.1606796116505,-0.273203883495146,75.2330097087379,0,9867,1166,54
"Mordheim: City of the Damned",3,251.534266666667,0.306266666666667,603.32,109,3596,1614,1441
"Mortal Kombat X",3,670.342857142857,-78.4292857142857,1675.95714285714,73,21484,7154,1030
"Mount & Blade: Warband",6,5939.44145631068,8.5104854368932,11925.7572815534,80,75872,2213,7932
"Mount Your Friends",3,37.4373417721519,-0.550759493670886,156.683544303797,8,6341,329,150
"Move or Die",3,106.540789473684,1.47197368421053,390.644736842105,66,8633,1245,299
"Murder Miners",3,22.8410126582278,-0.186455696202532,118.632911392405,18,4295,818,206
"NARUTO SHIPPUDEN: Ultimate Ninja STORM 4",3,647.654666666667,-2.11033333333333,1722.21666666667,53,17336,3456,767
"NARUTO SHIPPUDEN: Ultimate Ninja STORM Revolution",3,88.4083333333333,0.427051282051283,332.730769230769,50,4152,995,969
"Natural Selection 2",3,396.659900990099,-0.650297029702969,1205.0198019802,67,8372,1498,627
"Naval Action",3,643.432786885246,-18.4465573770492,1280.91803278689,0,3117,2029,1536
"NBA 2K17",3,1653.02886792453,-153.244905660377,3050.98113207547,49,4353,3893,4672
"NBA 2K18",3,3142.7156097561,-275.61243902439,6207.51219512195,50,4832,12067,3499
"NBA 2K19",3,6017.74448275862,-436.035862068966,11984.724137931,50,3093,8080,2901
"NBA 2K20",3,15229.3647058824,-434.083529411765,28891.4117647059,50,22908,21005,3499
"NBA 2K21",3,8951.144,350.378,16772.8,50,6723,11048,2901
"Neverwinter",3,2466.93848837209,-62.8922093023256,4379.97674418605,0,18517,5297,1273
"Next Day: Survival",3,113.133023255814,-37.8913953488372,372.279069767442,39,4854,2493,280
"Nidhogg",3,37.236,-2.44058823529412,162.4,12,5480,758,123
"No Man's Sky",3,4769.79777777778,-555.013888888889,13225.4259259259,27,63444,56488,2004
"No More Room in Hell",3,771.838850574713,-39.8318390804598,1380.40229885057,107,48190,5747,2661
"Northgard",6,1213.28679245283,44.3249056603774,3270.1320754717,133,12214,2314,601
"ORION: Prelude",6,108.576310679612,-0.0915533980582533,458.436893203883,251,22057,7558,263
"Overcooked! 2",3,1259.971,3.71066666666667,4620.33333333333,40,5362,1274,359
"Paint the Town Red",3,134.651846153846,3.13261538461538,294.8,0,4752,489,554
"Paladins",3,16346.6111320755,-206.525094339623,30444.2452830189,58,169580,32407,1595
"Path of Exile",6,18163.9692045455,313.328522727273,42310.1477272727,120,71593,6117,5263
"Pavlov VR",3,391.723469387755,20.0728571428571,1156.81632653061,0,2952,355,362
"PAYDAY 2",4,16744.7989215686,256.518137254902,35471.2352941177,1130,308657,56523,3975
"Phasmophobia",5,23042.4375,-7882.2125,54112.75,0,184139,29417,16179
"Pit People",3,101.23296875,0.760937499999999,291.8125,27,5027,311,327
"Planet Explorers",3,89.3949397590361,-10.6756626506024,232.457831325301,16,3847,1729,545
"Planetary Annihilation: TITANS",3,272.95303030303,-8.99272727272727,786.69696969697,19,5373,1375,408
"PlanetSide 2",3,2695.05828282828,-144.052828282828,5133.34343434343,0,35968,7753,1051
"PLAYERUNKNOWN'S BATTLEGROUNDS",2,491907.301489362,3859.71063829787,1083301.21276596,37,496184,487076,22938
"Polarity",3,9.58653333333333,0.0111999999999999,50.1866666666667,10,3932,942,156
"Portal Knights",3,581.944666666667,-4.637,1627.76666666667,29,10837,2531,1241
"Primal Carnage",3,59.950404040404,-1.70969696969697,199.626262626263,69,4447,1323,423
"Project CARS",3,444.064210526316,1.69357894736842,1072.29473684211,45,8618,2720,232
"Project CARS 2",3,1001.72609756098,-53.6241463414634,2241.73170731707,47,4190,1747,121
"Project Zomboid",3,775.331494252874,15.8773563218391,1542.5632183908,0,17273,2606,658
"Quake Live",3,406.307922077922,-26.578051948052,807.090909090909,58,10227,1956,1265
"RAGE",3,222.724660194175,-8.26689320388349,669.281553398058,60,9394,2882,559
"Realm Royale",3,2073.278125,-993.6834375,4235.1875,22,17220,9825,360
"Rec Room",3,266.937857142857,20.9146428571429,582.428571428571,0,3431,225,54
"Reign Of Kings",3,404.186901408451,-53.7902816901408,923.605633802817,0,8076,5997,3498
"rFactor 2",3,386.054603174603,6.67952380952381,920.904761904762,25,1057,227,0
"Riders of Icarus",3,899.317894736842,5.63824561403508,1728.21052631579,0,5306,2741,1859
"RIFT",3,765.83213592233,-0.847669902912622,1459.68932038835,0,6885,2326,4104
"Rise of Nations: Extended Edition",3,536.302875,2.10425,1106.6375,38,5125,473,2379
"Rising Storm 2: Vietnam",6,1262.405,-74.5402272727273,2779.09090909091,132,17201,4777,1945
"Risk of Rain",3,411.047701149425,-20.2608045977011,1017.95402298851,15,22700,1589,946
"Road Redemption",3,44.9396103896104,0.165844155844156,140.337662337662,55,4788,1056,13
"Robocraft",3,3402.59759493671,-95.5458227848101,7268.11392405063,43,80360,30987,1369
"Robot Roller-Derby Disco Dodgeball",3,20.3521951219512,-0.065609756097561,83.4512195121951,76,3155,259,303
"Rocket League",6,34790.8039705882,790.015735294118,70156.6470588235,88,242561,21816,5825
"Rome: Total War",3,1013.46883495146,3.97029126213592,1877.29126213592,0,7806,562,897
"RUNNING WITH RIFLES",3,108.387108433735,0.814819277108433,298.180722891566,45,5254,745,97
"Russian Fishing 4",6,2892.32375,81.4325,5230.34375,114,2103,1062,5647
"Rust",5,33245.3539534884,1262.0523255814,60146.976744186,48,220370,53709,9352
"RWBY: Grimm Eclipse",3,65.4532258064516,-5.85951612903226,225.870967741935,37,8844,1830,185
"Ryse: Son of Rome",3,144.776623376623,1.66883116883117,570.675324675325,73,14966,2939,225
"S.T.A.L.K.E.R.: Call of Pripyat",3,244.151844660194,-1.96825242718447,501.029126213592,0,10172,470,1969
"S.T.A.L.K.E.R.: Clear Sky",3,133.523106796117,0.528155339805825,297.699029126214,0,5550,903,716
"S.T.A.L.K.E.R.: Shadow of Chernobyl",3,198.664466019417,0.154466019417476,467.330097087379,0,11039,570,493
"Sanctum 2",3,164.403333333333,-8.27870967741936,801.655913978495,50,11629,1273,293
"Scrap Mechanic",3,1600.05065573771,25.8777049180328,3743,0,15197,2777,2355
"Secret World Legends",3,377.707352941176,-0.941078431372549,916.117647058824,0,4420,2106,645
"Serious Sam 2",3,46.862427184466,0.305339805825243,192.067961165049,0,5353,702,233
"Serious Sam 3: BFE",3,214.069902912621,-3.65281553398058,737.815533980582,62,15574,1977,378
"Serious Sam HD: The First Encounter",3,45.2984466019417,-0.0965048543689318,178.330097087379,35,3950,269,277
"ShellShock Live",3,929.827746478873,8.94549295774648,2001.05633802817,58,11426,1264,1218
"Sid Meier's Civilization V",6,27884.735631068,-85.7030097087379,49278.5048543689,286,129030,5565,4760
"Sid Meier's Civilization VI",6,25842.305,-850.368076923077,46108.9423076923,307,124015,6065,4341
"Sid Meier's Civilization: Beyond Earth",3,1447.75789473684,-368.079868421053,3645.55263157895,90,9555,8224,932
"Sins of a Solar Empire: Rebellion",3,823.89359223301,-4.44203883495146,3884.44660194175,68,8642,712,507
"SMITE",6,9804.18446153846,122.145076923077,18411.0615384615,265,34514,8895,1954
"Sniper Elite 3",3,508.75275,-2.10625,1590.75,77,12737,3297,321
"Sniper Elite 4",3,1176.45542372881,28.1683050847458,3295.47457627119,85,10885,1910,522
"SNOW",3,94.8615909090909,-0.26034090909091,268.670454545455,33,7235,3754,8180
"Space Engineers",3,4226.03136363636,74.8479545454545,8954.79545454545,27,60221,9609,3739
"Spec Ops: The Line",3,159.200873786408,-2.51563106796117,677.184466019418,50,32361,2613,293
"Spiral Knights",3,521.099223300971,-11.2233980582524,1004.05825242718,54,15666,3202,275
"Squad",3,2358.49587301587,98.8647619047619,5450.03174603175,0,23539,6008,3173
"Star Conflict",6,427.756105263158,-12.7054736842105,855.978947368421,213,8647,2796,4623
"Star Trek Online",3,1557.40417475728,1.28747572815534,2980.7572815534,0,7639,2391,2514
"STAR WARS Battlefront II",3,2245.3225,60.965,5531.625,43,8504,1408,1008
"STAR WARS Republic Commando",3,63.0827184466019,0.255242718446602,184.339805825243,0,6392,379,369
"Star Wars: Battlefront 2 (Classic, 2005)",3,477.85427184466,0.776601941747573,1157.73786407767,0,29149,2425,618
"Starbound",3,3525.44127906977,-423.361627906977,8243.25581395349,51,74162,7816,3556
"Stardew Valley",3,14323.8335483871,617.807903225806,25767,40,118217,3761,2868
"Steel Division: Normandy 44",3,252.717234042553,2.42234042553192,659.851063829787,47,3063,1204,1545
"Stellaris",3,10480.5233333333,266.945833333333,22159.9333333333,95,35327,10036,2729
"Stick Fight: The Game",3,854.482926829268,16.8090243902439,2008.9512195122,28,24847,2795,584
"Stonehearth",3,280.525441176471,0.371470588235293,592.588235294118,0,5242,1719,644
"Stormworks: Build and Rescue",3,700.332888888889,36.0217777777778,1398.37777777778,0,1478,171,0
"Street Fighter V",3,1564.498,-47.5258333333333,3168.46666666667,45,8300,8498,793
"Streets of Rogue",3,247.761960784314,6.11725490196078,654.156862745098,35,5484,269,394
"Strife",3,114.035142857143,-21.2614285714286,242.114285714286,46,3677,1197,150
"Stronghold Crusader HD",3,395.217475728155,10.145145631068,852.019417475728,0,4079,170,247
"Super Animal Royale",3,321.788461538462,44.0465384615385,798.269230769231,0,1177,38,222
"Supreme Commander 2",3,366.749223300971,-2.88300970873786,778.640776699029,47,5336,903,1834
"Supreme Commander: Forged Alliance",3,394.783106796116,3.07815533980583,841.281553398058,0,4969,174,803
"Sven Co-op",3,337.032459016393,-32.1867213114754,639.196721311475,0,12211,1173,407
"Tabletop Simulator",3,2082.42756097561,92.5607317073171,5314.21951219512,27,13243,777,729
"Tactical Monsters Rumble Arena",3,252.252682926829,3.10536585365854,388.829268292683,0,3480,387,229
"Team Fortress 2",4,52956.3048543689,540.427087378641,81563.3495145631,520,515879,34036,8495
"Team Fortress Classic",3,68.5149514563107,-0.289902912621359,140.563106796117,0,3318,633,277
"Teeworlds",3,57.0325757575758,-5.86621212121212,144.893939393939,0,3104,415,112
"TEKKEN 7",3,2712.77818181818,-81.7140909090909,5078.22727272727,42,15372,3135,4367
"Terraforming Mars",3,324.608571428571,15.1339285714286,700.75,20,208,213,0
"Terraria",6,19199.0698058252,276.825145631068,37708.359223301,88,255600,7797,5585
"The Crew",3,357.466538461538,-3.54935897435897,930.833333333333,0,9479,4636,657
"The Elder Scrolls: Legends",3,822.199772727273,-70.7004545454545,1489.06818181818,0,5365,2099,448
"The Escapists 2",3,482.673023255814,11.5723255813953,1726.27906976744,58,5085,1167,674
"The Forest",3,4335.68209876543,133.376296296296,10472.2839506173,45,110460,8881,2417
"The Incredible Adventures of Van Helsing",3,112.529032258065,-21.6013978494624,438.193548387097,95,4993,1064,572
"The Isle",3,1713.87161290323,49.9311290322581,3016.56451612903,0,7107,3219,1824
"THE KING OF FIGHTERS XIII STEAM EDITION",3,126.5482,1.973,320.73,46,4300,537,451
"The Mean Greens - Plastic Warfare",3,37.9011290322581,-2.56516129032258,186.258064516129,24,5043,1370,73
"theHunter Classic",6,726.31925,1.55,1496.3375,159,11440,15403,163
"theHunter: Call of the Wild",6,2051.6762,74.5252,5072.8,133,15716,4308,1409
"Timberman",3,15.096,-1.40276923076923,97.6769230769231,20,5139,350,245
"Titan Quest Anniversary Edition",3,1108.73396226415,-50.5458490566038,2618.52830188679,88,10566,1025,739
"Tom Clancy's Rainbow Six Siege",5,53466.0456451613,1039.37580645161,99688.4838709677,0,251178,59620,7504
"Tom Clancy's The Division",3,4240.36677966102,-1089.89898305085,10200.4745762712,0,44499,19992,5500
"Tomb Raider",3,1608.69894736842,-61.7248421052632,5327.21052631579,50,93509,4103,527
"Torchlight II",3,1348.12247524752,-262.842277227723,3442.41584158416,119,29539,1757,1037
"Total War: ATTILA",6,3069.55097222222,-167.274583333333,6040.75,118,12297,4469,2147
"Total War: EMPIRE - Definitive Edition",3,3091.99388349515,-20.0485436893204,5836.69902912621,30,14928,1719,3176
"Total War: MEDIEVAL II - Definitive Edition",3,2280.1413592233,23.8087378640777,4066.52427184466,0,10270,605,469
"Total War: NAPOLEON - Definitive Edition",3,1407.78475728155,-6.56660194174757,2800.14563106796,71,8540,907,1251
"Total War: ROME II - Emperor Edition",6,7399.00494382022,-328.515056179775,14433.0337078652,188,31864,13423,5760
"Total War: THREE KINGDOMS",6,14902.2795454545,345.276818181818,31612.5,137,3386,2579,279
"Total War: WARHAMMER",6,4646.21228070175,-697.387368421053,10101.649122807,185,29826,9878,3610
"Total War: WARHAMMER II",6,16243.0482608696,617.612608695652,32748.1739130435,134,19420,2994,4721
"Tower Unite",6,223.570166666667,6.78666666666667,537.9,354,5275,968,1326
"Town of Salem",6,825.203513513513,5.33189189189189,1515.82432432432,361,13329,2112,2101
"TOXIKK",3,19.937397260274,-0.853835616438356,73.1917808219178,60,3865,1182,50
"TrackMania Nations Forever",3,244.768834951456,1.78067961165049,537.320388349515,0,8252,1244,902
"Trailmakers",3,179.039565217391,12.7352173913043,482.45652173913,0,990,308,112
"Transformice",3,966.838219178082,22.0758904109589,1904.01369863014,14,11701,2227,320
"Tree of Life",3,142.250289855072,-2.24188405797101,365.188405797101,0,4433,2203,4866
"Tribes: Ascend",3,141.801553398058,-19.5805825242718,290.349514563107,0,6470,1738,128
"Tricky Towers",3,119.428727272727,2.42636363636364,376,29,3449,378,570
"Tropico 5",3,628.889756097561,2.96926829268293,1916.14634146341,70,7878,2482,292
"Ultimate Chicken Horse",3,261.001538461538,8.88123076923077,735.476923076923,31,7908,451,622
"Ultra Street Fighter IV",3,439.472330097087,-2.81650485436893,846.52427184466,67,8247,1141,835
"Verdun",3,238.019438202247,1.03348314606742,813.224719101124,58,22048,4418,3846
"Victoria II",3,566.17359223301,9.09970873786408,1099.50485436893,0,4743,632,2580
"Vindictus",3,433.748155339806,-11.8288349514563,953.417475728155,0,3646,1460,408
"Viscera Cleanup Detail",3,155.514756097561,0.856707317073171,374.146341463415,85,6753,580,589
"Viscera Cleanup Detail: Santa's Rampage",3,25.488488372093,-3.06697674418605,80.9767441860465,13,3645,395,140
"VRChat",3,6343.98081632653,299.218979591837,10443.8163265306,0,25818,3323,1351
"WAKFU",6,594.146623376623,-25.6819480519481,1121.44155844156,146,4413,1335,2258
"War for the Overworld",6,108.765806451613,0.691827956989248,345.451612903226,141,3948,753,471
"War Robots",3,514.219142857143,25.3391428571429,835,0,756,929,32
"Warface",3,2617.46164556962,-21.5748101265823,4825.18987341772,30,32751,14409,949
"Warframe",6,33135.1970103093,404.22618556701,58536.0927835052,187,226541,20268,5845
"Wargame: Red Dragon",3,858.999518072289,-1.0966265060241,1680.73493975904,0,7949,1137,1702
"Warhammer 40,000: Dawn of War - Game of the Year Edition",3,99.1429126213592,0.43990291262136,294.407766990291,0,3485,206,309
"Warhammer 40,000: Dawn of War - Soulstorm",3,538.401262135922,5.47631067961165,1057.22330097087,0,4887,286,1433
"Warhammer 40,000: Dawn of War II",3,296.932815533981,-4.70359223300971,744.368932038835,73,5626,755,628
"Warhammer 40,000: Eternal Crusade",3,204.457540983607,-7.04344262295082,583.590163934426,67,5439,5580,495
"Warhammer 40,000: Inquisitor - Martyr",3,441.640697674419,6.61093023255814,1339.44186046512,14,3372,1931,1034
"Warhammer 40,000: Space Marine",3,178.436796116505,-6.97970873786408,674.543689320388,60,9847,998,712
"WARMODE",3,114.572878787879,-23.3192424242424,292.984848484848,0,8983,6166,75
"Watch_Dogs",3,476.981219512195,2.62756097560976,1923.57317073171,0,15159,7383,1176
"We Were Here",3,100.496530612245,4.12367346938775,326.918367346939,26,8538,701,115
"Will To Live Online",3,610.56,45.5321052631579,1113.15789473684,51,1061,427,2951
"Wolcen: Lords of Mayhem",3,983.186779661017,11.4008474576271,3744.52542372881,0,2787,1306,2766
"World of Warships",3,5612.8175,289.32525,18971.25,44,9386,3667,341
"Worm.is: The Game",3,89.1108771929825,-26.7238596491228,199.701754385965,0,3550,879,68
"Worms Armageddon",3,106.328039215686,2.08147058823529,321.225490196078,0,3517,231,246
"Worms Revolution",3,138.3725,-4.6553,558.98,34,3922,686,445
"Wreckfest",3,256.05193877551,9.65448979591837,766.714285714286,0,8834,2486,778
"XCOM 2",3,5109.854,-583.212833333333,11015.45,88,28774,7018,1891
"XCOM: Enemy Unknown",3,2536.6723,-193.2859,5923.44,85,36630,2072,1470
"Yakuza 0",3,1187.374,-69.803,2287.86666666667,55,9023,1343,1255
"Yet Another Zombie Defense",3,46.1221951219512,-0.207195121951218,983.158536585366,18,9900,1529,192
"Z1 Battle Royale",3,13731.5493333333,-230.841833333333,27242.6666666667,0,111434,91664,3142
"Zombie Panic! Source",3,106.369708737864,-4.15631067961165,218.21359223301,106,5267,914,948
