"","single.km$cluster","avg","gain","peak","achievements","positive_ratings","negative_ratings","average_playtime"
"12 is Better Than 6",4,25.5280952380952,-0.198095238095238,238.603174603175,46,3192,576,228
"140",4,4.96125,-0.199318181818182,23.9659090909091,8,3398,241,205
"60 Seconds!",4,72.414347826087,0.0759420289855071,218.507246376812,56,5528,1492,231
"911 Operator",4,117.098518518519,2.15,424.222222222222,18,3529,697,257
"A Dance of Fire and Ice",4,444.4484,56.8944,1218.64,20,1451,119,180
"A Hat in Time",4,277.827457627119,4.82084745762712,813.762711864407,37,14019,292,377
"A Story About My Uncle",4,110.579012345679,0.288518518518521,2729.67901234568,15,17924,1642,193
"Absolver",4,141.5228,1.5092,922.4,22,6395,3283,796
"ABZU",4,43.2870909090909,0.306363636363637,151.654545454545,12,15634,1233,116
"ACE COMBAT 7: SKIES UNKNOWN",4,484.844166666667,-113.582083333333,1237.625,49,4643,1623,1029
"AdVenture Capitalist",3,3173.66914285714,-132.166857142857,6083.77142857143,31,35093,4214,2747
"Aim Lab",4,1030.91282051282,152.050512820513,1479.28205128205,100,1039,247,40
"Alan Wake",4,165.238155339806,-5.28796116504854,555.194174757282,67,22962,2163,239
"Alan Wake's American Nightmare",4,20.2496116504854,-0.930097087378641,66.8349514563107,12,3598,1468,71
"Albion Online",3,3875.27454545455,201.335757575758,6453.06060606061,93,1800,1420,448
"Alien: Isolation",4,321.339342105263,-30.2722368421053,1021.75,50,24534,1958,563
"Alpha Protocol",4,24.9599029126214,-0.195533980582524,72.8543689320388,0,3113,785,267
"American Truck Simulator",3,3072.71544117647,91.8473529411765,5935.33823529412,43,25316,2096,2086
"Amnesia: A Machine for Pigs",4,23.4666292134831,-7.2123595505618,90.6292134831461,7,4336,2143,100
"Amnesia: The Dark Descent",4,115.665048543689,-4.6821359223301,399.621359223301,18,20222,1199,173
"Antichamber",4,56.2564356435644,0.207029702970297,245.732673267327,0,12232,612,176
"Armello",4,253.471095890411,2.84876712328767,668.547945205479,50,7208,1816,1145
"Art of War: Red Tides",4,150.465510204082,-38.4591836734694,321.408163265306,0,4858,1169,345
"Artifact",3,227.029230769231,-428.258461538462,531,0,9937,10501,1797
"Assassin's Creed Odyssey",3,8622.52892857143,-806.9375,19196.2142857143,82,20771,4528,3151
"Assassin's Creed Origins",3,2548.79179487179,-309.101282051282,6201.38461538462,67,31644,6007,2908
"Assassin's Creed Syndicate",4,497.709523809524,-21.0995238095238,1310.92063492063,0,7203,2391,564
"Assetto Corsa",3,1659.92090909091,51.5147727272727,3813.125,709,15277,2337,3107
"Assetto Corsa Competizione",4,879.749310344828,61.9089655172414,2713.89655172414,0,1744,278,0
"ASTRONEER",3,1386.0373015873,29.8230158730159,3193.63492063492,54,28375,5246,1213
"ATLAS",2,4309.14730769231,-1427.97153846154,8789.92307692308,0,8621,16359,2755
"Audiosurf 2",4,42.1767021276596,0.254148936170213,105.31914893617,14,3785,882,507
"Aura Kingdom",4,520.593703703704,2.86296296296296,818.148148148148,0,5666,1533,485
"Axiom Verge",4,33.3138571428571,0.321857142857143,108.014285714286,29,3084,187,377
"Banished",3,1531.18909090909,12.9202272727273,3399.86363636364,36,24653,2820,1209
"Bastion",4,145.453689320388,-8.63203883495146,510.174757281553,24,27887,1098,391
"Batman - The Telltale Series",4,72.0511111111111,-1.78240740740741,306.018518518519,30,5729,1783,385
"Batman: Arkham Knight",3,1173.35367647059,-181.3275,2677.75,113,33121,12981,1266
"Batman: Arkham Origins",4,611.742159090909,-137.931590909091,1557.59090909091,60,20365,3519,538
"Battle Brothers",4,629.390428571429,13.5601428571429,1335.24285714286,89,5181,709,0
"Bayonetta",4,169.902826086957,-31.3917391304348,507.95652173913,50,8866,843,232
"BeamNG.drive",4,1653.41794871795,66.5028205128205,3019.07692307692,7,15168,1536,2038
"Beat Saber",4,1404.73914285714,53.2865714285714,3736.74285714286,0,11083,797,1204
"BEEP",4,10.38,0.00980582524271837,85.9417475728155,0,4036,731,140
"Beholder",4,134.021272727273,1.59072727272727,573.090909090909,60,9947,1095,240
"Bendy and the Ink Machine",4,143.258260869565,-2.7095652173913,522.630434782609,60,9901,1398,38
"BioShock Infinite",3,1022.15263157895,-308.635263157895,2767.36842105263,80,79442,3846,614
"BioShock Remastered",4,387.36679245283,-25.4424528301887,901.490566037736,65,8652,5121,247
"Bit Blaster XL",4,10.1777049180328,-0.207377049180328,52.3606557377049,17,5221,145,125
"Black Desert Online",6,14169.0637777778,286.377777777778,20997.3333333333,0,10337,5759,15507
"Blameless",4,7.50596153846154,-3.28884615384615,23.1730769230769,4,3159,594,63
"BLOCKADE 3D",3,418.436621621622,-40.7812162162162,1049.45945945946,0,15821,11583,499
"Bloons TD 6",3,4295.23461538462,582.623846153846,9474.88461538462,49,516,251,2819
"Bloons TD Battles",4,642.256379310345,-5.62724137931034,1127.06896551724,16,6486,1227,526
"Bomber Crew",4,154.664761904762,3.90595238095238,749.190476190476,30,3814,491,219
"Book of Demons",4,53.6837931034483,0.466034482758622,187.603448275862,202,5312,389,124
"Borderlands 2",6,8938.42267326733,-563.143465346535,19447.7326732673,69,144595,11021,3276
"Borderlands: The Pre-Sequel",3,1543.15394736842,-308.354078947368,3762.60526315789,63,16909,5076,1661
"Botanicula",4,11.61,-0.838932038834951,44.4854368932039,53,3524,136,16
"Braid",4,27.2412621359223,-0.931359223300971,88.4271844660194,12,6529,386,178
"BRAIN / OUT",4,272.480208333333,-8.8375,624.645833333333,84,8343,2112,1433
"Brick Rigs",4,434.210196078431,16.5607843137255,922.352941176471,0,3207,636,1683
"Broken Age",4,42.4544791666667,0.142604166666667,200.375,45,5312,1063,271
"Brothers - A Tale of Two Sons",4,43.7940404040404,0.288181818181818,199.858585858586,12,31689,1708,128
"Bully: Scholarship Edition",4,107.297961165049,0.922815533980583,316.776699029126,0,8504,1764,319
"Call of Duty: Infinite Warfare",3,454.068039215686,-95.0774509803922,1046.58823529412,88,7821,10570,3609
"Car Mechanic Simulator 2014",4,34.8598823529412,-5.85376470588235,142.2,0,3333,743,128
"Car Mechanic Simulator 2015",4,330.662253521127,1.77253521126761,934.718309859155,0,8238,827,680
"Car Mechanic Simulator 2018",4,1580.30931818182,39.0793181818182,3256.09090909091,60,9390,2752,724
"Carpe Diem",4,2.12354838709677,-0.369193548387097,8.37096774193548,1,6791,793,10
"Caster",4,6.79495145631068,0.0188349514563107,64,0,3277,868,120
"Castlevania: Lords of Shadow - Ultimate Edition",4,68.5454736842105,0.370315789473684,224.8,47,3827,953,706
"Catan Universe",4,666.946304347826,43.415,1363.86956521739,21,463,720,16710
"Cave Story+",4,29.7068932038835,-1.77776699029126,88.2233009708738,75,5120,230,150
"Celeste",4,377.21152173913,20.0286956521739,758.347826086957,30,7239,206,638
"Cell to Singularity - Evolution Never Ends",4,875.520384615385,2.65884615384615,1256.42307692308,0,471,119,0
"Child of Light",4,88.3801204819277,0.265421686746988,317.433734939759,0,9980,747,605
"Cities: Skylines",6,9708.04166666667,246.287777777778,19911.7777777778,97,67553,6005,3225
"Clicker Heroes",3,9291.02811594203,-475.253043478261,12974.6376811594,111,42530,4734,9742
"Clustertruck",4,59.2237931034483,1.35396551724138,176.5,19,4497,485,211
"Codename CURE",4,113.686865671642,-11.0738805970149,225.910447761194,40,11470,2426,191
"Confess My Love",4,6.48863636363636,-1.40863636363636,18.3409090909091,21,3357,209,308
"Conqueror's Blade",4,2500.82210526316,133.912631578947,7074.94736842105,0,259,235,0
"Cook, Serve, Delicious!",4,52.5207954545455,-1.23034090909091,154.852272727273,52,4232,235,381
"Cortex Command",4,51.3877,-0.965800000000001,732.47,11,3119,1454,199
"CPUCores :: Maximize Your FPS",4,584.564029850746,8.17194029850746,1242.65671641791,15,6208,2324,6362
"Crash Bandicoot N. Sane Trilogy",4,233.718387096774,-26.5825806451613,586.322580645161,74,3555,237,3530
"Crawl",4,31.1469620253165,0.243924050632911,100.025316455696,45,3757,156,64
"Crazy Machines 3",4,18.9477966101695,0.333898305084746,76.7966101694915,41,3158,130,118
"CrossCode",4,120.964347826087,3.44840579710145,329.942028985507,86,6219,336,0
"Crusaders of the Lost Idols",4,1472.18328125,-9.60953125,1981.703125,96,1823,345,581
"Crush Crush",4,912.686842105263,7.04017543859649,1438.94736842105,24,7239,982,2735
"Cry of Fear",4,136.991170212766,-10.093085106383,302.255319148936,0,20990,3497,3830
"Crypt of the NecroDancer",4,248.136075949367,-0.0337974683544316,564.481012658228,44,14162,533,326
"Crysis",4,87.0055339805825,-2.86514563106796,283.038834951456,0,6075,1277,313
"CS2D",4,66.5302564102564,-10.0892307692308,147.666666666667,66,4875,579,41
"Cuphead",4,1059.5275,23.2527272727273,2510.20454545455,28,38821,1698,620
"Danganronpa 2: Goodbye Despair",4,361.883793103448,8.71431034482759,634.879310344828,47,4677,148,1909
"Danganronpa V3: Killing Harmony",4,345.060465116279,14.9295348837209,761.186046511628,41,3240,571,2832
"Danganronpa: Trigger Happy Havoc",4,308.542295081967,10.6827868852459,750.360655737705,38,5714,167,1636
"Darksiders II Deathinitive Edition",4,242.402380952381,-2.99253968253968,587.190476190476,50,5935,2063,992
"Darksiders III",4,211.55,4.60357142857143,717.464285714286,59,3302,1368,1716
"Darksiders Warmastered Edition",4,210.4218,-17.3966,561.74,43,5250,933,326
"Darkwood",4,54.4431707317073,1.49353658536585,170.243902439024,15,3856,238,417
"Dawn of Man",4,1010.61086956522,-204.786086956522,2151.08695652174,18,2757,706,667
"Day of Infamy",4,362.401071428571,2.12071428571428,930.607142857143,97,14349,3169,3902
"Dead Bits",4,60.67875,-0.0386249999999998,998.05,0,4845,3470,272
"Dead Cells",4,1789.259375,128.781875,4044.91666666667,60,26033,1434,1006
"Dead Space",4,116.353009708738,0.108640776699029,321.52427184466,0,9136,1049,295
"Deadlight",4,34.1631,-4.7771,191.72,31,8981,2298,307
"Death Road to Canada",4,88.8944827586207,0.892586206896552,225.5,72,3307,234,1139
"DEEP SPACE WAIFU",4,20.4459090909091,-0.454090909090909,53.9545454545455,69,7222,252,167
"Defense Grid: The Awakening",4,101.088252427184,-1.74407766990291,219.368932038835,87,3307,113,455
"Democracy 3",4,99.4160227272727,-3.98659090909091,360.693181818182,42,4492,1596,752
"Deponia",4,60.8286274509804,-0.545098039215686,230.441176470588,19,7208,840,217
"Detention",4,40.5319607843137,0.350000000000001,189.470588235294,8,8540,2688,387
"Deus Ex: Human Revolution - Director's Cut",4,459.450454545455,-10.1043181818182,1156.72727272727,59,13044,1233,947
"Deus Ex: Mankind Divided",3,864.683518518519,-283.012592592593,2296.22222222222,81,16023,7344,798
"Devil Daggers",4,20.3483333333333,-0.6175,56.4666666666667,1,4462,222,216
"Devil May Cry 4 Special Edition",4,128.133,1.52714285714286,374.157142857143,42,5036,509,432
"Devil May Cry 5",4,1135.15260869565,-581.868260869565,3230.4347826087,51,17657,1487,916
"Dishonored",4,893.7308,-58.1935,2425.27,80,41756,1269,749
"Dishonored 2",3,1003.57980392157,-139.865294117647,2315.13725490196,50,21022,5059,1117
"DISTRAINT: Deluxe Edition",4,70.38140625,0.357031250000004,2896.609375,16,6830,451,228
"DLC Quest",4,11.7965263157895,-2.02463157894737,76.2315789473684,22,5434,718,126
"Domina",4,86.229375,2.36166666666667,333.729166666667,34,4260,635,341
"Door Kickers",4,76.0255056179775,0.777977528089888,262.213483146067,43,5834,349,366
"Downwell",4,32.31921875,-2.1496875,82.515625,20,4486,149,134
"Dragon's Dogma: Dark Arisen",4,989.603606557377,-205.320491803279,2106.6393442623,59,12856,1688,1355
"Dragon Age: Origins",4,216.609514563107,-0.414077669902912,497.194174757282,0,6207,468,2061
"Dragon Age: Origins - Ultimate Edition",4,664.364854368932,0.464660194174757,1534.65048543689,0,8808,726,686
"Dragonia",4,12.4331818181818,-2.75954545454545,105.818181818182,46,4562,702,135
"Dungeons of Dredmor",4,80.9780582524272,-2.57747572815534,180.728155339806,124,3879,235,800
"DUSK",4,47.2551020408163,1.44183673469388,134.816326530612,30,3599,89,284
"Dust: An Elysian Tail",4,96.9522340425532,0.223723404255318,368.212765957447,30,15064,625,370
"ELEX",4,413.979824561404,4.56052631578947,1404.98245614035,50,7388,2427,1932
"Emily is Away",4,41.7392063492063,-12.7380952380952,149.650793650794,20,25981,3340,121
"Enclave",4,44.4818181818182,0.0564772727272725,972.284090909091,0,4076,1139,213
"Endless Sky",4,116.51873015873,-11.8101587301587,211.174603174603,0,3420,366,33
"ENSLAVED: Odyssey to the West Premium Edition",4,23.4280681818182,-1.46170454545455,83.25,58,3677,650,185
"Enter the Gungeon",4,1374.792,16.8958571428571,2674.85714285714,54,24947,1573,1625
"Epistory - Typing Chronicles",4,20.78515625,0.21921875,82.46875,55,3603,160,324
"Eternal Card Game",4,785.489411764706,-12.2460784313726,1372.33333333333,29,3457,993,271
"Eternal Senia",4,20.3560294117647,-4.25632352941177,51.6029411764706,0,10106,227,15961
"Euro Truck Simulator",4,29.0198947368421,-0.323473684210526,92.6315789473684,0,3772,973,315
"Euro Truck Simulator 2",6,11510.8021649485,230.955360824742,25515.1134020619,67,176769,5825,4942
"Everlasting Summer",4,383.942666666667,-2.99986666666667,754.16,14,31230,1538,249
"EVERSPACE",4,149.119444444444,2.32185185185185,476.925925925926,33,4061,1087,312
"Evoland",4,21.0914736842105,0.042631578947368,125.305263157895,29,4437,906,237
"F.E.A.R.",4,52.0578640776699,-0.705145631067961,159.116504854369,0,6371,438,389
"Fable - The Lost Chapters",4,99.0101941747573,-2.44233009708738,277.029126213592,0,4384,364,494
"Fable Anniversary",4,178.375769230769,2.42846153846154,609.935897435897,50,4036,1119,708
"FaceRig",4,547.827692307692,23.0501282051282,1043.05128205128,38,3841,785,466
"Fallout 3",4,127.017281553398,-0.0438834951456315,305.165048543689,0,9921,2709,588
"Fallout 4",2,19736.8682539683,-3373.40714285714,36658.1746031746,84,110376,45377,4822
"Fallout Shelter",3,1658.94,-342.360217391304,2761.45652173913,35,21481,3569,1116
"Fallout: New Vegas",3,3960.34660194175,-13.0187378640777,7774.27184466019,75,66756,3149,2485
"Far Cry",4,55.2712621359223,0.0594174757281553,156.611650485437,0,3099,609,126
"Far Cry New Dawn",4,870.246666666667,-219.46375,2107.58333333333,0,2755,1161,1597
"Far Cry Primal",4,459.411016949153,-61.6061016949153,1325.81355932203,0,8428,2633,949
"FAR: Lone Sails",4,33.1111764705882,0.505588235294117,201.323529411765,14,3359,266,179
"FEZ",4,64.1323232323232,0.261717171717171,210.919191919192,12,10641,928,144
"FINAL FANTASY IX",4,267.266206896552,-56.9384482758621,599.413793103448,85,3875,325,1911
"FINAL FANTASY VII",4,574.307252747253,-27.6662637362637,1172.75824175824,36,11722,878,2443
"FINAL FANTASY VIII",4,333.82511627907,-25.6232558139535,668.53488372093,45,5323,682,2145
"FINAL FANTASY X/X-2 HD Remaster",4,637.100701754386,-96.2005263157895,1285.87719298246,69,6334,723,596
"FINAL FANTASY XIII",4,366.632236842105,-32.2444736842105,806.263157894737,35,7016,2769,1497
"Finding Paradise",4,30.46525,0.54825,95.125,1,6578,123,166
"Firewatch",4,114.1695,-29.4626666666667,444.383333333333,10,32886,5524,206
"Five Nights at Freddy's",4,77.3047435897436,-2.04615384615385,197.410256410256,0,15784,2179,474
"Five Nights at Freddy's 2",4,40.7522666666667,-7.10066666666667,98.68,0,8032,851,171
"Five Nights at Freddy's 3",4,15.1654929577465,-8.17225352112676,41.1408450704225,0,4917,678,133
"Five Nights at Freddy's 4",4,15.4470149253731,-7.46910447761194,58.6417910447761,0,6348,507,139
"Five Nights at Freddy's: Sister Location",4,48.1507547169811,0.693018867924527,170.283018867925,0,4763,491,100
"FlatOut 2",4,54.2311650485437,0.614854368932039,159.019417475728,0,5438,343,293
"Floating Point",4,10.15925,-0.80425,37.5875,0,3262,139,7076
"Foundation",4,501.6264,32.9512,1299.2,0,1228,386,219
"Fran Bow",4,47.5412121212121,0.701060606060606,150.878787878788,18,4896,192,508
"Freddy Fazbear's Pizzeria Simulator",4,128.367631578947,-34.2357894736842,277.078947368421,0,7846,580,100
"Freedom Planet",4,17.5864556962025,-1.30962025316456,52.3164556962025,56,3549,163,259
"Frostpunk",3,2097.66476190476,42.2752380952381,5171.38095238095,75,22952,3202,1084
"FTL: Faster Than Light",3,1410.48128712871,-53.339603960396,2964.59405940594,0,42641,1629,1111
"Furi",4,52.7505263157895,0.671228070175439,176.578947368421,33,4199,474,535
"Game Dev Tycoon",4,394.310555555556,-9.894,1243.91111111111,35,27373,1436,807
"Gaokao.Love.100Days",4,25.5624637681159,0.132753623188406,81.6376811594203,30,4592,215,173
"Garfield Kart",4,36.88328125,1.2353125,63.15625,0,4262,598,41
"Genital Jousting",4,22.056862745098,-1.0421568627451,106.039215686275,28,4826,468,64
"Geometry Dash",3,2914.32716216216,80.9727027027027,5019.64864864865,120,52737,2990,5546
"Getting Over It with Bennett Foddy",4,360.045,9.4905,768.05,3,10964,2913,169
"Goat Simulator",3,358.149397590361,-12.5393975903614,1033.4578313253,127,45892,5779,309
"Gold Rush: The Game",4,525.238048780488,11.6739024390244,1295.53658536585,42,3176,1787,227
"Golf It!",4,436.214375,20.605625,1177.8125,28,3219,744,815
"Golf With Your Friends",4,674.804918032787,16.6127868852459,1734.80327868852,39,15946,1723,323
"Gone Home",4,19.1482291666667,0.0639583333333334,98.03125,10,11893,3651,90
"GORN",4,88.8948837209302,0.305581395348837,355.883720930233,0,3357,124,394
"Gorogoa",4,18.6240476190476,0.493333333333334,97.0952380952381,11,4739,129,121
"Gothic II: Gold Edition",4,97.2223300970874,2.56611650485437,235.436893203883,0,3809,475,102
"Granado Espada",4,1164.86425,37.45025,1445.475,0,181,124,44
"Grand Theft Auto III",4,67.6049514563107,0.155533980582524,171.242718446602,0,4718,750,98
"Grand Theft Auto: San Andreas",4,724.132233009709,5.93912621359223,1525.84466019417,0,26877,3243,807
"Grand Theft Auto: Vice City",4,179.598155339806,2.38912621359223,400.174757281553,0,9817,819,209
"Graveyard Keeper",4,1044.692,-234.356666666667,2972.03333333333,62,4802,1541,837
"Green Hell",4,1356.1924137931,104.146896551724,3854.20689655172,0,2767,516,663
"Grim Fandango Remastered",4,48.4794444444444,-3.61805555555556,155.166666666667,47,4129,471,285
"GRIS",4,136.599230769231,-11.8711538461538,435.269230769231,17,5747,242,0
"Grow Home",4,26.3512328767123,0.0731506849315067,88.6849315068493,26,3855,382,142
"Guacamelee! Gold Edition",4,37.3417777777778,-1.42388888888889,137.066666666667,60,4881,338,245
"Gunpoint",4,33.985652173913,-4.95434782608696,179.913043478261,42,10384,271,212
"Hacknet",4,280.557611940299,6.06641791044776,2707.28358208955,11,13355,1052,278
"Hades",6,8102.92571428571,461.437857142857,15899.2142857143,49,124815,2029,1780
"Half-Life 2",3,845.655436893204,-3.0652427184466,1963.93203883495,33,67902,2419,691
"Half-Life 2: Episode One",4,135.89572815534,-0.65009708737864,307.019417475728,13,7908,517,281
"Half-Life 2: Episode Two",4,175.88145631068,-0.864368932038835,376.300970873786,22,13902,696,354
"Half-Life 2: Lost Coast",4,19.478932038835,-0.192233009708738,50.1456310679612,0,5783,1020,46
"Half-Life: Alyx",3,959.587272727273,-621.757272727273,2229.81818181818,42,44058,2151,691
"Half-Life: Blue Shift",4,38.0420388349515,0.169126213592233,88.9611650485437,0,3822,420,361
"Half-Life: Source",4,54.1544660194175,-0.57747572815534,144.854368932039,0,3767,1053,190
"Hand of Fate",4,75.9391139240506,0.147594936708861,304.911392405063,53,8045,794,371
"Hand Simulator",4,231.326046511628,4.94511627906977,643.906976744186,69,9792,2665,169
"Hatoful Boyfriend",4,20.0640506329114,0.180253164556962,70.9746835443038,16,5235,328,622
"Hatred",4,29.1425352112676,0.360845070422535,122.098591549296,74,5473,1560,206
"Heat Signature",4,81.9835087719298,0.701403508771929,304.929824561404,70,3247,220,693
"Hellblade: Senua's Sacrifice",4,167.358163265306,2.52918367346939,588.122448979592,14,20227,1805,455
"Hentai Girl",1,20.0773333333333,-3.598,112.766666666667,3000,4662,450,77
"Her Story",4,22.3873529411765,-0.971617647058823,85.4117647058823,13,4850,543,123
"Hexcells",4,11.9203571428571,-0.0422619047619048,52.9523809523809,6,3482,129,49
"Hidden Folks",4,33.0159615384615,0.569615384615385,117.326923076923,7,4514,161,87
"HITMAN 2",3,2429.22703703704,-127.472962962963,19060.5555555556,125,10814,1756,636
"Hitman: Absolution",4,653.623535353535,-94.7008080808081,1817.90909090909,47,23277,2478,650
"Hitman: Blood Money",4,93.1466990291262,-2.25271844660194,242.932038834951,0,5864,391,435
"Holdfast: Nations At War",4,255.075531914894,10.2370212765957,987.872340425532,0,4354,741,1560
"Hollow Knight",3,2570.9692,93.7182,5218.44,63,40167,1927,1286
"Home Behind",4,102.735535714286,-15.8108928571429,301.053571428571,35,3517,530,1160
"Homefront: The Revolution",4,154.434848484848,0.863333333333335,556.045454545455,74,6396,5102,408
"Horizon Zero Dawn",2,3265.69833333333,-2272.8,7650.33333333333,79,26841,8445,1412
"Hotline Miami",4,211.0598,-3.4167,772.67,35,45809,1211,380
"Hotline Miami 2: Wrong Number",4,260.472676056338,-39.2876056338028,598.760563380282,29,21838,1933,447
"House Flipper",4,1508.65911111111,64.5624444444445,3322.26666666667,26,7019,1761,520
"House Party",4,196.530681818182,5.06704545454545,478.25,32,3329,593,313
"Human: Fall Flat",3,2871.13339285714,99.8089285714286,12364.1071428571,55,28371,2678,348
"HunieCam Studio",4,86.8148275862069,-11.9343103448276,187.655172413793,16,3214,645,183
"HuniePop",4,321.347671232877,-1.55547945205479,747.671232876712,20,17761,711,2741
"Hyper Light Drifter",4,117.336949152542,0.602711864406779,384.389830508475,23,11027,721,275
"I am Bread",4,25.3554054054054,-1.83945945945946,81.8648648648649,35,4088,1174,146
"ICEY",4,47.1005882352941,-12.3635294117647,229.823529411765,34,16978,1627,294
"Idle Wizard",4,922.7436,4.3276,1141.84,55,108,26,0
"Idling to Rule the Gods",4,808.152105263158,1.12456140350877,975,28,454,71,7194
"Infestation: The New Z",3,1805.6168627451,-101.003725490196,3000.70588235294,63,13726,14201,376
"INSIDE",4,118.654,-15.9689090909091,375.672727272727,14,19660,934,297
"Into the Breach",4,376.451875,5.38291666666666,1171.6875,55,5245,426,1277
"Invisible, Inc.",4,87.5964102564103,-3.37602564102564,252.602564102564,23,3559,271,325
"Iron Snout",4,58.7783606557377,-2.47393442622951,120.803278688525,37,13889,277,10647
"Jazzpunk: Director's Cut",4,17.2623529411765,0.102352941176471,68.6470588235294,24,4136,393,305
"Jet Set Radio",4,18.180099009901,-0.883960396039604,69.5148514851485,30,3398,631,207
"Jotun: Valhalla Edition",4,46.2090909090909,0.156363636363636,525.878787878788,36,5325,1470,203
"Jurassic World Evolution",3,1828.759375,-580.070625,4844.0625,62,9824,4060,1201
"Just Cause 2",4,652.974077669903,-16.3417475728155,1760.58252427184,50,33636,3231,519
"Just Cause 3",3,1892.32580645161,-123.725161290323,4631.74193548387,66,37747,14024,2086
"Keep Talking and Nobody Explodes",4,119.94875,-3.7571875,445.484375,10,5745,115,196
"Kenshi",4,1271.83894736842,38.1665263157895,2086.93684210526,0,9512,1171,1756
"Kerbal Space Program",3,3476.04189473684,28.0681052631579,6913.54736842105,0,49328,5168,9223
"Kingdom Come: Deliverance",3,3810.90756756757,75.3097297297297,10363.2162162162,71,30024,9307,2106
"Kingdom Rush",4,100.072117647059,-2.51505882352941,250.764705882353,72,5101,182,225
"Kingdom: Classic",4,161.6025,-6.1725,1453.15625,34,9673,1227,250
"Kingdom: New Lands",4,191.489074074074,-14.3964814814815,489.87037037037,34,4619,741,221
"Kingdoms and Castles",4,391.715434782609,7.04217391304348,1099.34782608696,12,6380,1119,466
"Kingdoms of Amalur: Reckoning",4,338.20213592233,-0.625631067961165,993.864077669903,61,8523,1201,252
"klocki",4,4.66836363636364,-0.643454545454545,23.7272727272727,1,3559,95,86
"L.A. Noire",4,292.879708737864,-14.5540776699029,843.990291262136,60,14096,2315,428
"Late Shift",4,24.0485106382979,0.612127659574468,104.531914893617,20,4059,525,308
"Layers of Fear",4,120.90303030303,0.0495454545454591,2592.13636363636,27,14551,1682,227
"Legend of Grimrock",4,80.9797087378641,-5.45281553398058,258.747572815534,40,4420,268,314
"Life is Strange 2",3,382.198928571429,-1.4625,17968.1428571429,46,4749,950,325
"Life is Strange: Before the Storm",4,275.638636363636,3.055,1603,34,21705,1520,478
"LIMBO",4,113.808737864078,-4.38252427184466,607.592233009709,13,30321,1994,117
"LISA",4,58.5175675675676,0.0305405405405408,166.378378378378,68,7450,344,882
"Little Inferno",4,45.9230303030303,-0.545757575757576,191.020202020202,0,6403,459,177
"Little Nightmares",4,154.904905660377,26.7796226415094,841.037735849057,22,7568,980,90
"Loading Screen Simulator",4,20.7025581395349,-5.46720930232558,47.0232558139535,19,5783,936,26
"Long Live The Queen",4,32.4341379310345,-2.40298850574713,154.459770114943,45,5656,305,350
"Lords Of The Fallen",4,131.9056,-13.3176,387.653333333333,56,7393,4963,456
"Lost Castle",4,532.352166666667,-5.58116666666666,1746.78333333333,81,11930,1392,881
"Lost Lands: A Hidden Object Adventure",4,56.9313846153846,-1.57184615384615,97.6,48,3799,434,0
"Lost Lands: Mahjong",4,61.5179661016949,-2.40983050847458,111.033898305085,46,3769,309,23
"Lucius",4,32.3531,-2.0838,140.11,58,5775,1400,172
"Lucy -The Eternity She Wished For-",4,12.5315254237288,-0.0445762711864407,47.728813559322,0,5341,238,213
"LUFTRAUSERS",4,16.3245744680851,0.0493617021276594,64.1489361702128,12,3180,302,260
"LYNE",4,27.8084337349398,-0.373734939759036,67.8072289156626,33,6860,263,176
"Machinarium",4,26.4188349514563,-0.358155339805825,93.631067961165,12,5437,264,165
"Mad Games Tycoon",4,80.62,-0.28972602739726,213.054794520548,39,3211,362,185
"Mad Max",3,1030.59493975904,7.96903614457831,2756.50602409639,49,36222,3811,1030
"March of Empires",4,850.63717948718,32.5115384615385,1327,87,163,135,3
"Marie's Room",4,10.122,0.0897142857142856,29.5428571428571,7,3763,206,30
"Mass Effect",4,376.894368932039,-1.06203883495146,954.980582524272,0,10107,666,612
"Mass Effect 2",4,413.387378640777,-2.54466019417476,892.26213592233,0,10675,542,1087
"Material Girl",4,64.3488636363636,-14.22,225.068181818182,0,6922,648,221
"Max Payne",4,33.9826213592233,-0.116893203883495,104.543689320388,0,3926,435,316
"Meadow",4,51.5903773584906,0.314150943396227,467.867924528302,83,3819,470,227
"Melody's Escape",4,12.8478571428571,-0.253095238095238,42.2380952380952,8,4187,292,40
"METAL GEAR RISING: REVENGEANCE",4,138.067789473684,1.67263157894737,461.936842105263,60,13722,1157,863
"METAL GEAR SOLID V: GROUND ZEROES",4,111.977702702703,-23.1640540540541,381.567567567568,16,7953,1692,320
"Metro 2033 Redux",3,416.302727272727,-0.32935064935065,1359.75324675325,49,28179,7313,434
"Metro: Last Light Redux",4,413.09948051948,0.891428571428572,1069.64935064935,49,23483,5874,363
"Middle-earth: Shadow of War",3,2758.44446808511,50.9970212765957,7040.89361702128,72,19813,5633,1587
"Minecraft: Story Mode - A Telltale Games Series",4,86.1220634920635,-7.01380952380952,305.539682539683,50,6041,1948,399
"Mini Metro",4,120.717820512821,-0.212564102564103,296.217948717949,45,7464,288,212
"Mirror",4,592.855128205128,23.7489743589744,1993.05128205128,114,21474,702,281
"Mirror's Edge",4,138.047378640777,-2.22242718446602,461.47572815534,0,17880,2341,260
"Montaro",4,16.6063636363636,-3.44218181818182,98.3636363636364,15,10099,485,174
"Morphopolis",4,9.68730769230769,-0.00602564102564112,51.8333333333333,13,3846,749,219
"Motorsport Manager",4,1030.94882352941,-41.253137254902,2363.92156862745,73,4278,488,4289
"Mount & Blade",4,136.011067961165,-1.48912621359223,315.805825242718,0,3205,291,415
"Mountain",4,100.444230769231,-3.18051282051282,187.910256410256,31,10936,1516,614
"MudRunner",4,748.475897435897,-22.98,1780.64102564103,62,5845,1172,527
"Mutant Year Zero: Road to Eden",4,226.154444444444,2.86962962962963,713.333333333333,36,5034,682,301
"My Summer Car",4,612.751153846154,-0.818269230769231,1358.01923076923,64,12847,1309,2191
"My Time At Portia",4,1634.8556097561,39.0436585365854,3711.58536585366,91,10695,1108,2094
"NEKOPARA Vol. 0",4,39.7740909090909,-1.17939393939394,139.060606060606,13,11781,765,430
"NEKOPARA Vol. 1",4,74.002027027027,1.6177027027027,190.432432432432,14,16160,740,526
"NEKOPARA Vol. 2",4,41.3603333333333,-4.64133333333333,95.15,20,8671,238,586
"NEKOPARA Vol. 3",4,69.2447826086957,1.29413043478261,186.173913043478,27,7678,202,317
"Never Alone (Kisima Ingitchuna)",4,21.1379220779221,0.125064935064935,79.6883116883117,19,5175,1224,232
"Ni no Kuni II: Revenant Kingdom",4,456.980857142857,-161.38,1157.8,63,3220,638,1871
"NieR:Automata",3,1397.61106382979,-224.45914893617,3484.95744680851,47,39387,9414,2022
"Night in the Woods",4,122.963673469388,1.56632653061225,298.408163265306,31,6770,402,0
"Nuclear Throne",4,225.741818181818,1.3925,429.454545454545,44,9694,405,682
"Octodad: Dadliest Catch",4,49.0966666666667,0.255151515151515,204.171717171717,32,6742,536,174
"OLDTV",4,6.13348837209302,-2.33674418604651,18.8837209302326,48,4293,219,25
"One Finger Death Punch",4,74.7843373493976,-4.50385542168675,195.710843373494,152,14181,256,149
"One Way Heroics",4,38.9466265060241,-1.70698795180723,102.831325301205,59,3349,199,547
"OneShot",4,55.2945283018868,1.16056603773585,164.735849056604,11,10985,220,327
"Onmyoji",4,903.889459459459,37.0402702702703,1830.24324324324,121,552,258,2616
"Orcs Must Die!",4,53.9549514563107,-12.8409708737864,175.708737864078,27,5371,180,159
"Orcs Must Die! 2",4,348.477843137255,-25.7248039215686,1149.28431372549,27,13321,682,429
"Ori and the Blind Forest: Definitive Edition",4,413.338596491228,7.76842105263158,1150,57,15886,627,322
"Osiris: New Dawn",4,155.783962264151,-5.13396226415094,535.528301886792,0,6333,3149,418
"Outlast",4,227.216777777778,5.34222222222222,788.588888888889,14,45966,1953,751
"Outlast 2",4,141.067755102041,7.45,545.428571428571,24,10790,1563,277
"Outward",4,747.628636363636,-110.867272727273,2064.31818181818,44,2647,978,1373
"Overcooked",4,177.354137931034,3.22706896551724,534.241379310345,12,6653,650,152
"Overgrowth",4,37.0154651162791,-1.65744186046512,106.53488372093,0,3200,1315,777
"Overlord",4,55.5520388349515,0.145436893203884,203.04854368932,0,3439,276,304
"Owlboy",4,42.4594444444444,0.214444444444445,139.259259259259,12,3542,555,613
"Oxenfree",4,39.8709677419355,0.965967741935484,134.290322580645,13,6551,477,258
"Oxygen Not Included",3,4191.41660714286,135.398035714286,7897.21428571429,2,16797,1205,2115
"PAC-MAN Championship Edition DX+",4,19.417191011236,-1.09337078651685,92.3258426966292,12,5988,291,67
"Papers, Please",4,287.987222222222,-5.902,912.888888888889,13,25587,1103,674
"Party Hard",4,58.7681818181818,-0.578636363636364,182.469696969697,27,4700,662,518
"Pathfinder: Kingmaker",3,2372.29724137931,-368.459310344828,4970.75862068965,67,6063,2426,1642
"PC Building Simulator",4,541.657619047619,23.3564285714286,1421.02380952381,53,6563,775,2021
"Pillars of Eternity",4,1196.56042857143,-131.413,2811.41428571429,48,11558,1835,1710
"Pillars of Eternity II: Deadfire",4,1262.91657894737,21.2536842105263,2755.55263157895,55,4435,876,2234
"Plague Inc: Evolved",4,536.311428571429,0.911785714285715,1705.5119047619,199,20081,1419,585
"Planet Coaster",3,2158.82981481481,38.1405555555556,4927.05555555556,32,22004,2828,1069
"Planetbase",4,313.328,3.29184615384615,770.076923076923,30,4171,1267,1069
"Plantera",4,51.7973770491803,-1.0727868852459,187.819672131148,29,3709,485,365
"Plug & Play",4,1.6356338028169,-0.0732394366197183,9.56338028169014,0,3065,588,18
"Poly Bridge",4,223.011617647059,2.02926470588235,783.823529411765,22,4112,520,168
"Pony Island",4,25.9527419354839,0.161451612903226,88.8870967741936,20,9347,421,224
"Portal",4,428.177669902913,-2.50087378640777,1131.46601941748,15,51801,1080,288
"Portal 2",3,2224.52718446602,-17.2998058252427,5663.41747572816,51,138220,1891,1102
"Post Scriptum",4,560.683939393939,22.4412121212121,1789.75757575758,0,2889,1556,607
"POSTAL 2",4,223.1753,2.6485,651.69,89,36263,1872,257
"Prey",4,740.007777777778,-149.459333333333,1826.13333333333,58,17808,2144,738
"PRICE",5,6.24283018867925,-1.11830188679245,31.1320754716981,8,4198,233,63481
"Prison Architect",3,1627.46273684211,25.6641052631579,4545.82105263158,18,31687,2286,1472
"Prototype",4,59.2422330097087,-0.766893203883495,195.611650485437,0,3702,904,645
"Psychonauts",4,84.9850485436893,-2.07320388349515,272.815533980583,37,8204,456,491
"Punch Club",4,120.348870967742,0.823225806451613,421.483870967742,47,6071,1669,478
"Pyre",4,59.8839534883721,-38.9367441860465,198.186046511628,51,4306,452,257
"Quake Champions",3,867.310476190476,-13.1245238095238,2162.71428571429,52,15879,7098,754
"Quantum Break",4,139.170185185185,1.65851851851852,470.833333333333,42,10249,1929,331
"Rabi-Ribi",4,92.0201639344262,0.978032786885246,250.065573770492,208,6496,167,2356
"Race The Sun",4,27.9343023255814,-0.726511627906977,168.953488372093,25,5258,343,172
"Raft",3,3546.74025,202.22375,8564.925,47,11577,3177,826
"Railway Empire",4,397.827708333333,9.29270833333334,1101.47916666667,95,2994,710,1081
"Ravenfield",4,608.739333333333,11.5815555555556,1133.68888888889,0,9119,569,2095
"Realm Grinder",4,1941.88227272727,-16.085,2637.63636363636,14,2266,463,1058
"Rebel Galaxy",4,142.548529411765,0.585882352941177,450.191176470588,37,5100,881,618
"Recettear: An Item Shop's Tale",4,65.7140776699029,-4.49,204.504854368932,0,5047,183,764
"Refunct",4,9.11703125,0.1075,44.171875,10,11930,583,149
"Reigns",4,56.5387272727273,0.432363636363636,238.654545454545,13,4939,579,59
"Remember Me",4,65.0373469387755,0.203775510204081,244.561224489796,50,9080,1815,276
"Return of the Obra Dinn",4,136.1825,-14.3182142857143,413.607142857143,16,3960,130,160
"Reus",4,56.6915053763441,-12.0818279569892,300.150537634409,123,3569,917,1293
"RimWorld",3,9946.78,323.193859649123,15903.2807017544,0,38556,857,5017
"Ring of Elysium",3,6795.15896551724,-859.114137931034,15960.8965517241,0,39746,13191,736
"Rise of the Tomb Raider",3,1956.247,-147.128333333333,5347.11666666667,143,49004,3838,817
"Risen",4,104.56786407767,-0.136893203883495,312.126213592233,0,3848,585,994
"Risk of Rain 2",3,7232.14818181818,-738.88,18477.6818181818,0,17902,975,1455
"Rivals of Aether",4,232.784307692308,0.695538461538461,652.369230769231,25,4814,686,245
"Rogue Legacy",4,336.81097826087,-9.04402173913043,937.369565217391,29,13854,936,769
"RPG Maker MV",4,814.103125,0.77296875,1169.71875,0,2344,324,331
"RPG Maker VX Ace",4,334.938415841584,2.1239603960396,644.871287128713,0,3372,210,405
"RUINER",4,36.5362962962963,0.273333333333333,154.37037037037,33,5278,543,191
"Saints Row 2",4,178.998932038835,-1.3878640776699,488.941747572816,0,9442,2881,322
"Saints Row IV",3,1174.51222222222,-186.947777777778,4204.25555555556,73,54091,4945,1279
"Saints Row: Gat out of Hell",4,67.7782191780822,-24.1972602739726,243.780821917808,45,5203,1843,180
"Saints Row: The Third",3,1273.46427184466,-51.59,3635.92233009709,83,44810,1877,1848
"Sakura Clicker",4,254.610151515152,-60.5868181818182,368.984848484848,0,11952,2209,1055
"Sakura Spirit",4,16.0663291139241,-0.915316455696203,59.0506329113924,0,5905,1567,311
"Salt and Sanctuary",4,198.131578947368,-11.250350877193,467.789473684211,37,7173,634,623
"Savage Lands",4,49.0052054794521,0.0858904109589041,173.479452054795,20,3196,2613,234
"SCP: Secret Laboratory",3,2767.39578947368,128.287894736842,4767.76315789474,29,19534,3621,216
"Scribblenauts Unlimited",4,165.017676767677,-2.23878787878788,550.89898989899,25,6661,588,630
"SCUM",3,2620.41666666667,165.745,5863.47619047619,36,15934,8556,1264
"Secrets of Grindea",4,80.1044776119403,-2.11522388059702,176.746268656716,28,3642,254,2343
"Sekiro: Shadows Die Twice",2,4891.36043478261,-2749.79260869565,11888.1304347826,34,21504,3019,2059
"Serena",4,4.11571428571429,-0.550119047619048,46.9166666666667,0,4593,1342,15924
"Shadow of the Tomb Raider",3,2039.69066666667,45.2346666666667,5411,99,10832,4408,672
"Shadow Tactics: Blades of the Shogun",4,310.561724137931,11.1544827586207,1003.55172413793,44,9523,417,287
"Shadow Warrior",4,141.705520833333,0.419687499999999,745.885416666667,92,18716,1426,319
"Shadow Warrior 2",4,224.284166666667,2.16516666666667,856.166666666667,64,10152,1406,993
"Shadowrun Returns",4,230.779894736842,0.455684210526315,1097.66315789474,0,8676,1132,278
"Shadowrun: Dragonfall - Director's Cut",4,178.404025974026,-2.87493506493507,442.363636363636,39,3488,398,505
"Shakes and Fidget",4,1815.63220338983,-34.4716949152542,3569,0,6591,988,1752
"Shovel Knight: Treasure Trove",4,143.4265,-7.770375,402.575,85,9334,332,501
"Shower With Your Dad Simulator 2015: Do You Still Shower With Your Dad",4,13.5956923076923,-0.997692307692308,30.1692307692308,21,8258,423,74
"SimplePlanes",4,182.310161290323,-3.76951612903226,349.5,72,4544,474,538
"Slay the Spire",3,7006.3476744186,173.858372093023,11343.2325581395,43,26166,998,3034
"Sleeping Dogs: Definitive Edition",4,405.907368421053,2.44421052631579,1154.67105263158,59,15529,1904,636
"Slender: The Arrival",4,16.9521590909091,-0.187159090909091,70.1022727272727,21,4468,578,46
"Slime Rancher",4,1088.27426229508,8.65754098360656,2465.08196721311,57,24205,965,1314
"Sniper Elite: Nazi Zombie Army",4,45.3575510204082,0.0982653061224495,237.765306122449,26,3204,446,365
"Soda Dungeon",4,560.7176,1.763,819.42,24,3624,240,751
"SOMA",4,109.864545454545,1.08939393939394,382.712121212121,10,16463,754,258
"Sonic Mania",4,161.486444444444,2.92444444444445,692.711111111111,18,8669,984,44
"Source Filmmaker",4,715.123106796117,7.01650485436893,1080.07766990291,0,15083,1111,239
"South Park: The Stick of Truth",4,618.135180722892,-102.651325301205,2136.0843373494,50,35896,911,1045
"Space Rangers HD: A War Apart",4,127.333368421053,-1.79084210526316,284.410526315789,82,3313,170,0
"SpaceChem",4,36.8949514563107,-0.949029126213592,100.495145631068,20,3700,324,177
"SpeedRunners",4,350.192988505747,3.20574712643678,1212.25287356322,29,20854,1455,421
"Spooky's Jump Scare Mansion",4,36.4758571428571,-1.04042857142857,102.142857142857,0,9030,725,7131
"SteamWorld Dig",4,27.4839534883721,-1.83139534883721,119.895348837209,24,4095,311,169
"Steep",4,214.2894,-8.0402,695.28,0,7802,2603,724
"STEINS;GATE",4,98.957037037037,1.85222222222222,267.574074074074,42,5720,130,2628
"Stories: The Path of Destinies",4,71.4529310344828,-0.687758620689652,1536.27586206897,37,4138,609,272
"Stranded Deep",4,408.953698630137,-22.7642465753425,851.506849315069,8,15604,5459,272
"Stream Avatars",4,273.611860465116,22.8313953488372,402.790697674419,0,101,8,0
"Stronghold Crusader 2",4,317.4325,5.10239583333333,854.760416666667,81,4280,2786,259
"Stronghold Kingdoms",4,1276.75524271845,-27.2047572815534,2011.69902912621,0,4886,2609,329
"Styx: Master of Shadows",4,93.4236363636364,0.626493506493507,336.649350649351,33,4506,962,243
"Subnautica",3,2448.10542168675,36.6149397590361,5607.95180722892,17,90155,5413,1446
"Subnautica: Below Zero",4,1124.99083333333,7.28041666666668,2794.91666666667,0,4097,471,229
"Subsistence",4,240.962307692308,8.14269230769231,504.884615384615,0,2680,1130,82
"Super Crate Box",4,18.609603960396,-1.5470297029703,46.9009900990099,0,5951,702,34
"Super Hexagon",4,51.3513265306122,-0.811530612244898,135.081632653061,6,19797,616,140
"Superflight",4,35.035641025641,-1.90974358974359,94.9487179487179,24,5243,193,87
"SUPERHOT",4,132.057833333333,-36.613,401.766666666667,26,14847,2202,212
"Surgeon Simulator",4,86.2547368421053,0.240947368421053,359.105263157895,123,11387,2462,266
"Survarium",3,381.632142857143,-18.7194285714286,853.528571428571,73,9985,9441,6569
"Surviving Mars",4,1031.87911111111,22.4606666666667,2995.31111111111,60,3942,1608,2454
"Sword Art Online: Fatal Bullet",4,559.197297297297,6.04945945945946,2020.16216216216,63,5654,2082,1413
"Sword With Sauce",4,29.3475510204082,0.147551020408163,72.4081632653061,0,3560,680,577
"System Shock 2",4,39.109247311828,-2.70924731182796,132.612903225806,0,4227,274,256
"Tales from the Borderlands",4,115.547297297297,-1.49716216216216,557.216216216216,35,14338,697,524
"Tales of Berseria",4,463.4962,5.7564,1168.74,51,7427,536,2398
"Tales of Zestiria",4,230.779852941176,1.13544117647059,669.382352941176,56,5300,972,1445
"TerraTech",4,435.2175,6.99777777777778,951.458333333333,15,4769,1022,3140
"The Awesome Adventures of Captain Spirit",4,47.0377419354839,-14.3958064516129,164.612903225806,0,8077,667,68
"The Banner Saga",4,147.492093023256,2.68290697674419,576.372093023256,39,9750,1131,164
"The Beginner's Guide",4,14.06734375,-2.78734375,59.609375,0,12791,2036,120
"The Binding of Isaac",3,1035.76805825243,-44.6990291262136,2004.34951456311,99,43227,1923,1849
"The Binding of Isaac: Rebirth",3,6593.9592,-156.040666666667,11622.68,403,72830,1840,4583
"The Bureau: XCOM Declassified",4,93.1477777777778,-23.6191111111111,432.711111111111,41,6661,2923,201
"The Cat Lady",4,11.7427906976744,-0.291046511627907,39.0348837209302,25,3446,246,229
"The Crew 2",4,1370.86451612903,4.9258064516129,3827.54838709677,34,4030,3916,2029
"The Darkness II",4,78.703786407767,-2.8004854368932,375.582524271845,50,11992,1234,191
"The Divine Paradox",4,72.8696,6.1086,450.38,0,6,5,436
"The Elder Scrolls Online",6,9724.1817721519,226.83164556962,17965.7088607595,0,33719,11672,10659
"The Elder Scrolls V: Skyrim",6,18808.8081553398,-177.259611650485,35635.3398058252,75,237303,14951,7089
"The Elder Scrolls V: Skyrim Special Edition",6,12791.4971698113,380.212075471698,23647.2830188679,75,47749,14719,2418
"The Escapists",4,273.010125,0.704375,791.8375,37,11629,1432,826
"The Evil Within",4,208.757368421053,-18.0027631578947,488.776315789474,71,10581,2363,635
"The Evil Within 2",4,249.82175,-71.01275,610.1,51,8871,790,1299
"The Expendabros",4,100.647820512821,-10.3016666666667,225.615384615385,0,15084,425,85
"The Final Station",4,22.4051724137931,0.245862068965517,114.98275862069,23,3383,649,199
"The Flame in the Flood",4,44.8862121212121,0.28060606060606,236.378787878788,36,3612,1139,125
"The Legend of Heroes: Trails in the Sky",4,123.521772151899,-1.21379746835443,297.126582278481,27,3413,318,3755
"The Long Dark",3,1401.65493506493,21.7016883116883,3236.94805194805,40,45856,4298,760
"The Lord of the Rings Online",4,867.962427184466,-4.51601941747573,1710.81553398058,0,6860,1644,892
"The Plan",4,2.85130952380952,-0.90797619047619,12.3690476190476,1,19476,1644,8
"The Room",4,43.2051898734177,1.1073417721519,160.063291139241,5,10206,280,167
"The Room Two",4,42.8003636363636,0.428727272727273,136.636363636364,7,7382,176,181
"The Silent Age",4,10.5740579710145,0.0821739130434782,45.4492753623188,24,4700,320,11
"The Stanley Parable",4,128.852,0.73,521.57,10,31538,2846,170
"The Surge",4,152.671489361702,1.14659574468085,556.255319148936,67,3220,1113,422
"The Swapper",4,20.5072826086957,-1.25652173913043,87.5652173913043,10,5699,242,129
"The Talos Principle",4,265.411375,2.0085,814.2875,40,17237,785,230
"The Tiny Bang Story",4,53.5284466019417,-0.153883495145632,1795.03883495146,0,3923,567,284
"The Vanishing of Ethan Carter",4,23.3474025974026,-2.61883116883117,97.2467532467532,14,6917,849,185
"The Way of Life Free Edition",4,8.30452054794521,-0.647808219178082,27.8082191780822,0,5251,1821,13
"The Witcher 2: Assassins of Kings Enhanced Edition",3,1000.89165048544,-1.38339805825243,2588.66019417476,52,36427,4710,838
"The Witcher 3: Wild Hunt",6,14158.8605797101,-494.44884057971,30788.1739130435,78,202930,4798,3068
"The Witness",4,196.123387096774,3.12177419354839,632.516129032258,2,6572,1282,630
"The Wolf Among Us",4,156.748295454545,-4.04125,766.204545454545,35,21127,517,675
"There's Poop In My Soup",4,17.8993220338983,-0.980508474576271,183.152542372881,22,3256,459,350
"They Are Billions",3,2690.50204545455,60.6781818181818,5377.88636363636,30,11377,1921,1712
"Thief",4,253.050843373494,-40.1107228915663,719.722891566265,37,10486,4326,276
"This Is the Police",4,138.738275862069,1.02586206896552,411.275862068966,10,5315,1096,198
"This War of Mine",3,967.210131578947,11.2181578947368,2733.28947368421,42,47258,2571,512
"Thomas Was Alone",4,19.8573267326733,0.0522772277227723,81.9009900990099,35,7456,438,72
"Time Clickers",4,655.88328358209,-43.9013432835821,917.179104477612,99,3850,494,423
"Tiny and Big: Grandpa's Leftovers",4,9.37485436893204,-0.299223300970874,54.4271844660194,53,3483,309,207
"Titan Souls",4,18.9048684210526,0.281052631578947,84.4473684210526,27,3556,981,46
"To the Moon",4,52.3951960784314,0.56,191.43137254902,1,42115,1423,200
"Torchlight",4,81.7282524271845,-11.0231067961165,193.990291262136,66,3825,317,1108
"Toribash",4,208.56049382716,-12.701975308642,431.135802469136,24,11143,1563,130
"Totally Accurate Battle Simulator",4,1176.00833333333,61.5511904761905,2549.5,0,3109,295,297
"Totally Accurate Battlegrounds",4,184.5796875,-176.7534375,463.75,0,20961,4890,478
"Touhou Luna Nights",4,59.0046666666667,1.22133333333333,245,0,3199,75,158
"Transistor",4,102.621111111111,-24.4639506172839,359.111111111111,33,22158,1162,353
"Transmissions: Element 120",4,21.8710714285714,-5.95285714285714,59.4285714285714,11,7916,501,84
"Transport Fever",4,1246.81964912281,6.54315789473684,2843,53,4418,1266,849
"Tree of Savior (English Ver.)",3,3259.04474576271,-5.88728813559322,5531.27118644068,0,9323,5897,2119
"Tricolour Lovestory",4,143.343414634146,-9.35365853658537,462.80487804878,70,11387,1121,486
"Trine 3: The Artifacts of Power",4,37.7608571428571,-0.643857142857143,124.514285714286,28,3619,1819,449
"Tropico 4",4,461.291553398058,-10.5742718446602,1344.55339805825,70,8740,827,518
"Tropico 6",4,956.809642857143,36.9960714285714,2517.5,40,3778,664,1345
"Trove",3,4566.72691176471,27.1279411764706,8627.64705882353,16,47897,13708,2602
"Turbo Dismount",4,58.8727058823529,-0.711764705882353,143.129411764706,23,3800,346,295
"Turmoil",4,193.645797101449,3.35913043478261,636.420289855072,31,3154,359,278
"Two Point Hospital",4,1575.5815625,32.5046875,5323.03125,31,6432,1264,1617
"Tyranny",4,305.002203389831,3.20016949152543,1054.91525423729,70,6121,1001,1570
"Ultimate Custom Night",4,341.207741935484,-72.3887096774194,686.032258064516,0,7723,429,128
"Ultimate Epic Battle Simulator",4,144.581956521739,-0.914782608695653,579.369565217391,0,2813,1349,677
"Undertale",3,1439.80723076923,5.46384615384615,2762.90769230769,0,97832,4496,679
"Unheard",4,180.06,-9.15227272727273,790,10,5222,288,98
"Unturned",6,17294.65825,294.395125,31139.8375,46,292574,31482,3248
"VA-11 Hall-A: Cyberpunk Bartender Action",4,135.204642857143,-0.170178571428572,371.767857142857,34,12348,294,746
"Valkyria Chronicles",4,217.665466666667,-24.2582666666667,567.373333333333,20,8862,838,892
"Valley",4,16.0066666666667,0.0875438596491227,70.1929824561404,30,4036,385,47
"Vampire: The Masquerade - Bloodlines",4,104.805048543689,-1.17359223300971,283.864077669903,0,6161,362,350
"Vampyr",4,292.926428571429,4.53833333333333,1048.69047619048,28,4580,1717,794
"Viridi",4,59.7974242424242,-7.19409090909091,107.090909090909,47,5524,575,12
"VVVVVV",4,17.6168932038835,-0.289126213592233,69.873786407767,19,6719,268,76
"Wallpaper Engine",6,14407.1213207547,781.911320754717,22948.2641509434,17,63623,1947,1731
"War Thunder",6,11958.830106383,304.281595744681,22153.2234042553,46,83852,22166,4200
"Warhammer 40,000: Dawn of War III",3,302.139122807018,2.68894736842106,1351.71929824561,84,6793,8336,704
"Warhammer: End Times - Vermintide",4,434.037415730337,0.796516853932584,1489.48314606742,108,13905,3560,1200
"Warhammer: Vermintide 2",3,4061.93609756098,94.1887804878049,9899.09756097561,26,21509,7336,2025
"Watch_Dogs 2",3,1093.3636,-97.7444,3216.2,0,20905,5366,1231
"We Happy Few",4,110.140517241379,3.42724137931035,369.879310344828,50,3130,1333,308
"What Remains of Edith Finch",4,35.5312,0.9128,132.12,9,10573,506,130
"Wizard of Legend",4,287.811923076923,3.59288461538461,615.980769230769,19,3990,535,386
"Wolfenstein II: The New Colossus",4,588.67725,-191.584,1417.925,80,11732,4461,921
"Wolfenstein: The New Order",4,673.617901234568,-71.8983950617284,1775.97530864198,50,26727,3011,539
"Woodle Tree Adventures",4,19.900875,-0.103375,321.6375,8,3824,1878,189
"Workers & Resources: Soviet Republic",4,782.32652173913,-25.4626086956522,1601.34782608696,0,1369,311,0
"World of Goo",4,19.2546601941748,-0.647961165048544,90.2330097087379,8,3455,237,194
"World of Guns: Gun Disassembly",4,184.993456790123,-0.211358024691358,359.617283950617,42,11178,2300,99
"World War 3",4,124.973214285714,-135.648928571429,402.75,0,8525,5015,364
"X-Plane 11",5,1079.84208333333,33.8779166666667,1940.91666666667,0,2033,443,44169
"X4: Foundations",4,1016.79666666667,38.3236363636363,2091.09090909091,44,3557,1714,873
"Youtubers Life",4,265.903859649123,-25.290701754386,636.070175438596,54,6483,2590,1394
"Yu-Gi-Oh! Duel Links",3,7366.87871794872,-24.9112820512821,11242.7435897436,20,7969,2563,864
"Zombie Army Trilogy",4,163.877464788732,-2.68394366197183,618.661971830986,68,8472,1330,400
"Zup!",4,7.16134615384615,-0.659038461538462,45.0769230769231,118,5810,366,237
"Zup! 2",4,6.6932,-0.8974,43.84,229,4550,224,237
"Zup! 3",1,8.24938775510204,-1.74918367346939,65.6326530612245,1708,3486,491,246
